"To use this sheet, you will need to make a copy first to be able to edit (File -> Make a copy). Enter ""Yes"" if the category is used in your league or ""No"" if it is not in the ""Category Used?"" row. Then use the ""Weight"" row to assign a points weight to each category. You only need to enter information into the cells highlighted in red. The rows highlighted in green will output the total number of projected Fantasy Points and the projected Fantasy Points per game played for your league.",,,,,,,,,,,,,,,Selections for VORP / Positional Eligibility / Off-Nights Effects,,,,,,,,,,,,,,VORP F Number,VORP D Number,,,,,,,,,,,,,,,,,,,,,,,,,,,,
,,,,,,,,,,,,,,,VORP On?,,Positional Eligibility,,,Off-Nights Effects,,,# of Teams,,# of Starting F,# of Starting D,,Rank,120,48,,,,,,,,,,,,,,,,,,,,,,,,,,,,
,,,,,,,,,,,,,,,Yes,,Medium Effect,,,Medium Effect,,,12,,10,4,,FPts per GP,4.64,3.86,,,,,,,,,,,,,,,,,,,,,,,,,,,,
Category Used? Yes/No,,,,,Yes,Yes,No,Yes,Yes,Yes,Yes,No,No,No,All numbers below in these columns are generated automatically by the spreadsheet,,,,,,,,,,,,,,,,,,,,,,,,,,,,,,,,,,,,,,,,,,,
Weight,,,,,5.00,3.75,0.00,0.50,0.50,0.30,0.60,0.00,0.00,0.00,,,,,,,,,,,,,,,,,,,,,,,,,,,,,,,,,,,,,,,,,,,,
Player,Info,,,Projections - Blake,,,,,,,,,,,,,,,,,,,,,,,,,,,,,,,,,,,,,,,,,,,,,,,,,,,,,,
Name,Team,Y! Pos,Proj PP,GP,G,A,PTS,PPP,SOG,HIT,BLK,PIM,S%,ATOI,G,A,PTS,PPP,SOG,HIT,BLK,PIM,S%,ATOI,FPTS - Total,FPTS per GP,VORP + PE + ONE,,FPts per GP + PE,FPts per GP + ONE,FPts per GP + PE + ONE,VORP,VORP + PE,VORP + ONE,VORP + PE + ONE,,Full Pos,Med Pos,Full Off,Med Off,,FPts per GP + MPE,FPts per GP + FPE,FPts per GP + MONE,FPts per GP + FONE,FPts per GP + MPE + MONE,FPts per GP + MPE + FONE,FPts per GP + FPE + MONE,FPts per GP + FPE + FONE,VORP,VORP + MPE,VORP + FPE,VORP + MONE,VORP + FONE,VORP + MPE + MONE,VORP + MPE + FONE,VORP + FPE + MONE,VORP + FPE + FONE
Nathan MacKinnon,COL,C,1,84,50.4,74.4,124.8,37.0,377.2,55.4,47.9,36.3,13.4%,22.20,252.00,279.00,0.00,18.50,188.60,16.62,28.74,0.00,0.00,0.00,783.46,9.33,4.91,,,,,,,,,,0.96,0.98,1.14,1.07,,9.14,8.95,9.98,10.63,9.78,10.42,9.58,10.21,4.68,4.59,4.50,5.01,5.34,4.91,5.23,4.81,5.13
Connor McDavid,EDM,C,1,84,45.1,91.3,136.4,50.9,300.6,49.5,33.3,41.0,15.0%,22.20,225.50,342.38,0.00,25.45,150.30,14.85,19.98,0.00,0.00,0.00,778.46,9.27,4.74,,,,,,,,,,0.96,0.98,1.09,1.045,,9.08,8.90,9.68,10.10,9.49,9.90,9.30,9.70,4.62,4.53,4.44,4.83,5.04,4.74,4.94,4.64,4.84
Nikita Kucherov,TBL,RW,1,84,42.1,94.1,136.2,46.3,280.8,42.2,34.0,47.6,15.00%,20.90,210.50,352.88,0.00,23.15,140.40,12.66,20.40,0.00,0.00,0.00,759.99,9.05,3.93,,,,,,,,,,0.95,0.975,0.83,0.915,,8.82,8.60,8.28,7.51,8.07,7.32,7.86,7.13,4.40,4.29,4.18,4.03,3.66,3.93,3.56,3.83,3.47
Leon Draisaitl,EDM,C/LW,1,84,49.3,67.4,116.7,47.4,239.2,48.2,24.6,36.9,20.60%,21.15,246.50,252.75,0.00,23.70,119.60,14.46,14.76,0.00,0.00,0.00,671.77,8.00,3.66,,,,,,,,,,1.09,1.045,1.09,1.045,,8.36,8.72,8.36,8.72,8.73,9.11,9.11,9.50,3.35,3.50,3.66,3.50,3.66,3.66,3.82,3.82,3.98
Cale Makar,COL,D,1,84,23.4,69.1,92.5,35.5,237.5,41.8,133.9,26.6,9.9%,24.95,117.00,259.13,0.00,17.75,118.75,12.54,80.34,0.00,0.00,0.00,605.51,7.21,3.59,,,,,,,,,,1,1,1.14,1.07,,7.21,7.21,7.71,8.22,7.71,8.22,7.71,8.22,3.35,3.35,3.35,3.59,3.82,3.59,3.82,3.59,3.82
Macklin Celebrini,SJS,C,1,84,44.1,63.3,107.4,33.3,304.7,47.8,56.5,42.1,14.50%,21.30,220.50,237.38,0.00,16.65,152.35,14.34,33.90,0.00,0.00,0.00,675.12,8.04,3.48,,,,,,,,,,0.96,0.98,1.09,1.045,,7.88,7.72,8.40,8.76,8.23,8.59,8.06,8.41,3.39,3.33,3.26,3.55,3.70,3.48,3.63,3.40,3.55
Auston Matthews,TOR,C,1,84,48.7,44.1,92.8,28.0,337.7,58.8,97.8,23.4,14.4%,20.40,243.50,165.38,0.00,14.00,168.85,17.64,58.68,0.00,0.00,0.00,668.05,7.95,3.19,,,,,,,,,,0.96,0.98,0.97,0.985,,7.79,7.63,7.83,7.71,7.68,7.56,7.52,7.41,3.31,3.24,3.18,3.26,3.21,3.19,3.15,3.13,3.08
Zach Werenski,CBJ,D,1,84,23.1,65.7,88.8,26.4,300.1,36.1,114.6,22.0,7.70%,26.70,115.50,246.38,0.00,13.20,150.05,10.83,68.76,0.00,0.00,0.00,604.72,7.20,3.18,,,,,,,,,,1,1,0.9,0.95,,7.20,7.20,6.84,6.48,6.84,6.48,6.84,6.48,3.34,3.34,3.34,3.18,3.01,3.18,3.01,3.18,3.01
Jack Hughes,NJD,C/LW,1,84,41.7,61.9,103.6,34.2,318.5,13.2,40.3,19.9,13.1%,20.95,208.50,232.13,0.00,17.10,159.25,3.96,24.18,0.00,0.00,0.00,645.12,7.68,3.06,,,,,,,,,,1.09,1.045,0.93,0.965,,8.03,8.37,7.41,7.14,7.74,7.46,8.08,7.79,3.04,3.17,3.31,2.93,2.82,3.06,2.95,3.19,3.08
Kirill Kaprizov,MIN,LW,1,84,47.5,54.5,102.0,34.2,302.9,50.9,33.3,37.3,15.7%,21.90,237.50,204.38,0.00,17.10,151.45,15.27,19.98,0.00,0.00,0.00,645.68,7.69,2.98,,,,,,,,,,1.06,1.03,0.9,0.95,,7.92,8.15,7.30,6.92,7.52,7.13,7.74,7.33,3.04,3.13,3.23,2.89,2.74,2.98,2.82,3.06,2.90
David Pastrnak,BOS,RW,1,84,38.8,65.1,103.9,33.2,329.2,63.0,28.1,45.2,11.8%,20.40,194.00,244.13,0.00,16.60,164.60,18.90,16.86,0.00,0.00,0.00,655.09,7.80,2.97,,,,,,,,,,0.95,0.975,0.93,0.965,,7.60,7.41,7.53,7.25,7.34,7.07,7.15,6.89,3.16,3.08,3.00,3.04,2.93,2.97,2.86,2.89,2.79
Evan Bouchard,EDM,D,1,84,17.9,69.6,87.5,33.8,244.6,34.6,100.7,34.2,7.3%,23.80,89.50,261.00,0.00,16.90,122.30,10.38,60.42,0.00,0.00,0.00,560.50,6.67,2.94,,,,,,,,,,1,1,1.09,1.045,,6.67,6.67,6.97,7.27,6.97,7.27,6.97,7.27,2.82,2.82,2.82,2.94,3.07,2.94,3.07,2.94,3.07
Jason Robertson,DAL,LW/RW,1,84,43.8,47.3,91.1,36.4,301.4,56.0,35.4,23.1,14.5%,20.05,219.00,177.38,0.00,18.20,150.70,16.80,21.24,0.00,0.00,0.00,603.32,7.18,2.69,,,,,,,,,,1.08,1.04,1.04,1.02,,7.47,7.76,7.33,7.47,7.62,7.77,7.91,8.07,2.54,2.64,2.74,2.59,2.64,2.69,2.75,2.80,2.85
Matt Boldy,MIN,LW/RW,1,84,41.5,50.6,92.1,32.3,288.1,60.7,65.7,39.0,14.4%,20.25,207.50,189.75,0.00,16.15,144.05,18.21,39.42,0.00,0.00,0.00,615.08,7.32,2.65,,,,,,,,,,1.08,1.04,0.9,0.95,,7.62,7.91,6.96,6.59,7.23,6.85,7.51,7.12,2.68,2.79,2.89,2.55,2.41,2.65,2.51,2.75,2.60
Jack Eichel,VGK,C,1,84,37.2,60.5,97.8,30.9,300.9,33.4,43.0,19.4,12.4%,21.10,186.00,226.88,0.00,15.45,150.45,10.02,25.80,0.00,0.00,0.00,614.60,7.32,2.62,,,,,,,,,,0.96,0.98,1,1,,7.17,7.02,7.32,7.32,7.17,7.17,7.02,7.02,2.67,2.62,2.57,2.67,2.67,2.62,2.62,2.57,2.57
Quinn Hughes,MIN,D,1,84,16.1,76.3,92.4,39.2,201.7,15.7,89.3,34.9,8.00%,27.30,80.50,286.13,0.00,19.60,100.85,4.71,53.58,0.00,0.00,0.00,545.37,6.49,2.51,,,,,,,,,,1,1,0.9,0.95,,6.49,6.49,6.17,5.84,6.17,5.84,6.17,5.84,2.64,2.64,2.64,2.51,2.37,2.51,2.37,2.51,2.37
Martin Necas,COL,RW,1,84,35.7,65.0,100.6,29.7,222.6,75.2,29.6,22.1,16.0%,21.50,178.50,243.75,0.00,14.85,111.30,22.56,17.76,0.00,0.00,0.00,588.72,7.01,2.47,,,,,,,,,,0.95,0.975,1.14,1.07,,6.83,6.66,7.50,7.99,7.31,7.79,7.12,7.59,2.37,2.31,2.25,2.53,2.70,2.47,2.63,2.40,2.56
William Nylander,TOR,C/RW,1,84,45.1,51.7,96.8,28.1,286.1,18.4,27.6,25.3,15.8%,19.65,225.50,193.88,0.00,14.05,143.05,5.52,16.56,0.00,0.00,0.00,598.56,7.13,2.46,,,,,,,,,,1.01,1.005,0.97,0.985,,7.16,7.20,7.02,6.91,7.05,6.95,7.09,6.98,2.48,2.49,2.51,2.45,2.41,2.46,2.42,2.47,2.43
Tage Thompson,BUF,C/RW,1,84,44.5,42.9,87.4,27.7,298.7,83.8,40.8,34.8,14.9%,19.45,222.50,160.88,0.00,13.85,149.35,25.14,24.48,0.00,0.00,0.00,596.20,7.10,2.40,,,,,,,,,,1.01,1.005,0.95,0.975,,7.13,7.17,6.92,6.74,6.95,6.78,6.99,6.81,2.45,2.47,2.48,2.39,2.33,2.40,2.34,2.42,2.35
Kyle Connor,WPG,LW,1,84,41.8,47.9,89.7,24.5,296.5,25.8,29.9,16.7,14.1%,21.15,209.00,179.63,0.00,12.25,148.25,7.74,17.94,0.00,0.00,0.00,574.81,6.84,2.31,,,,,,,,,,1.06,1.03,1.04,1.02,,7.05,7.25,6.98,7.12,7.19,7.33,7.40,7.54,2.20,2.27,2.33,2.24,2.29,2.31,2.36,2.38,2.42
Brady Tkachuk,FLA,C/LW,1,84,36.1,34.2,70.3,26.1,317.5,234.1,29.0,103.2,11.40%,17.15,180.50,128.25,0.00,13.05,158.75,70.23,17.40,0.00,0.00,0.00,568.18,6.76,2.22,,,,,,,,,,1.09,1.045,1,1,,7.07,7.37,6.76,6.76,7.07,7.07,7.37,7.37,2.12,2.22,2.31,2.12,2.12,2.22,2.22,2.31,2.31
Nick Suzuki,MTL,C,1,84,31.4,64.2,95.7,38.3,195.7,77.0,67.6,25.3,16.1%,20.60,157.00,240.75,0.00,19.15,97.85,23.10,40.56,0.00,0.00,0.00,578.41,6.89,2.20,,,,,,,,,,0.96,0.98,1,1,,6.75,6.61,6.89,6.89,6.75,6.75,6.61,6.61,2.24,2.20,2.15,2.24,2.24,2.20,2.20,2.15,2.15
Cutter Gauthier,ANA,C/LW/RW,1,84,44.6,33.7,78.2,23.4,307.6,73.1,30.0,27.7,14.5%,18.15,223.00,126.38,0.00,11.70,153.80,21.93,18.00,0.00,0.00,0.00,554.81,6.60,2.18,,,,,,,,,,1.13,1.065,1.09,1.045,,7.03,7.46,6.90,7.20,7.35,7.67,7.80,8.14,1.96,2.09,2.22,2.05,2.14,2.18,2.28,2.32,2.42
Rasmus Dahlin,BUF,D,1,84,19.7,55.6,75.3,25.2,219.8,94.8,86.0,65.5,9.00%,24.50,98.50,208.50,0.00,12.60,109.90,28.44,51.60,0.00,0.00,0.00,509.54,6.07,2.16,,,,,,,,,,1,1,0.95,0.975,,6.07,6.07,5.91,5.76,5.91,5.76,5.91,5.76,2.21,2.21,2.21,2.16,2.10,2.16,2.10,2.16,2.10
Matthew Tkachuk,FLA,LW/RW,1,84,33.4,57.9,91.3,34.4,241.8,92.1,19.7,86.6,13.80%,18.05,167.00,217.13,0.00,17.20,120.90,27.63,11.82,0.00,0.00,0.00,561.68,6.69,2.13,,,,,,,,,,1.08,1.04,1,1,,6.95,7.22,6.69,6.69,6.95,6.95,7.22,7.22,2.04,2.13,2.21,2.04,2.04,2.13,2.13,2.21,2.21
Cole Caufield,MTL,LW/RW,1,84,45.5,39.0,84.5,28.8,276.3,54.1,24.9,16.0,16.5%,18.40,227.50,146.25,0.00,14.40,138.15,16.23,14.94,0.00,0.00,0.00,557.47,6.64,2.07,,,,,,,,,,1.08,1.04,1,1,,6.90,7.17,6.64,6.64,6.90,6.90,7.17,7.17,1.99,2.07,2.15,1.99,1.99,2.07,2.07,2.15,2.15
Brandon Hagel,TBL,LW/RW,1,84,39.7,51.0,90.7,20.4,242.8,54.8,44.5,60.5,16.40%,20.25,198.50,191.25,0.00,10.20,121.40,16.44,26.70,0.00,0.00,0.00,564.49,6.72,1.98,,,,,,,,,,1.08,1.04,0.83,0.915,,6.99,7.26,6.15,5.58,6.39,5.80,6.64,6.02,2.08,2.16,2.24,1.90,1.72,1.98,1.79,2.05,1.86
Jake Sanderson,OTT,D,1,84,14.8,53.6,68.4,28.2,190.2,38.3,157.5,13.0,7.8%,24.65,74.00,201.00,0.00,14.10,95.10,11.49,94.50,0.00,0.00,0.00,490.19,5.84,1.95,,,,,,,,,,1,1,0.97,0.985,,5.84,5.84,5.75,5.66,5.75,5.66,5.75,5.66,1.98,1.98,1.98,1.95,1.92,1.95,1.92,1.95,1.92
Matthew Schaefer,NYI,D,1,84,21.6,48.9,70.5,23.2,234.6,43.3,102.9,35.2,9.2%,24.60,108.00,183.38,0.00,11.60,117.30,12.99,61.74,0.00,0.00,0.00,495.01,5.89,1.94,,,,,,,,,,1,1,0.9,0.95,,5.89,5.89,5.60,5.30,5.60,5.30,5.60,5.30,2.04,2.04,2.04,1.94,1.83,1.94,1.83,1.94,1.83
Wyatt Johnston,DAL,C/RW,1,84,41.9,42.1,83.9,37.2,224.9,54.8,54.8,31.9,18.60%,20.10,209.50,157.88,0.00,18.60,112.45,16.44,32.88,0.00,0.00,0.00,547.75,6.52,1.92,,,,,,,,,,1.01,1.005,1.04,1.02,,6.55,6.59,6.65,6.78,6.68,6.82,6.72,6.85,1.88,1.89,1.90,1.92,1.95,1.92,1.96,1.93,1.97
Connor Bedard,CHI,C/RW,1,70,28.0,45.5,73.6,22.4,211.4,28.6,27.6,41.7,13.3%,20.40,140.00,170.63,0.00,11.20,105.70,8.58,16.56,0.00,0.00,0.00,452.67,6.47,1.92,,,,,,,,,,1.01,1.005,1.09,1.045,,6.50,6.53,6.76,7.05,6.79,7.08,6.83,7.12,1.82,1.83,1.84,1.91,1.99,1.92,2.00,1.92,2.01
Tim Stützle,OTT,C/LW,1,84,35.0,47.7,82.6,29.8,221.7,123.0,49.1,35.8,15.80%,20.45,175.00,178.88,0.00,14.90,110.85,36.90,29.46,0.00,0.00,0.00,545.99,6.50,1.91,,,,,,,,,,1.09,1.045,0.97,0.985,,6.79,7.08,6.40,6.30,6.69,6.59,6.98,6.87,1.86,1.94,2.02,1.83,1.80,1.91,1.88,1.99,1.96
Moritz Seider,DET,D,1,84,8.8,45.8,54.6,24.1,179.2,163.0,184.5,44.7,4.90%,25.60,44.00,171.75,0.00,12.05,89.60,48.90,110.70,0.00,0.00,0.00,477.00,5.68,1.89,,,,,,,,,,1,1,1.07,1.035,,5.68,5.68,5.88,6.08,5.88,6.08,5.88,6.08,1.82,1.82,1.82,1.89,1.95,1.89,1.95,1.89,1.95
Adam Fox,NYR,D,1,84,14.0,60.4,74.4,29.6,154.1,37.2,117.3,30.3,9.10%,23.20,70.00,226.50,0.00,14.80,77.05,11.16,70.38,0.00,0.00,0.00,469.89,5.59,1.88,,,,,,,,,,1,1,1.16,1.08,,5.59,5.59,6.04,6.49,6.04,6.49,6.04,6.49,1.74,1.74,1.74,1.88,2.02,1.88,2.02,1.88,2.02
Mikko Rantanen,DAL,LW/RW,1,84,28.9,65.2,94.2,39.3,182.5,51.1,38.7,69.8,15.9%,20.15,144.50,244.50,0.00,19.65,91.25,15.33,23.22,0.00,0.00,0.00,538.45,6.41,1.87,,,,,,,,,,1.08,1.04,1.04,1.02,,6.67,6.92,6.54,6.67,6.80,6.93,7.06,7.20,1.77,1.84,1.91,1.80,1.84,1.87,1.91,1.95,1.98
Filip Forsberg,NSH,LW,1,84,39.3,39.6,78.9,28.5,272.1,135.5,42.4,40.6,14.5%,18.75,196.50,148.50,0.00,14.25,136.05,40.65,25.44,0.00,0.00,0.00,561.39,6.68,1.85,,,,,,,,,,1.06,1.03,0.76,0.88,,6.88,7.08,5.88,5.08,6.06,5.23,6.23,5.38,2.04,2.10,2.16,1.80,1.55,1.85,1.60,1.90,1.64
Dylan Holloway,STL,C/LW,1,84,35.0,39.2,74.2,19.1,269.3,182.2,54.5,31.7,13.00%,19.05,175.00,147.00,0.00,9.55,134.65,54.66,32.70,0.00,0.00,0.00,553.56,6.59,1.84,,,,,,,,,,1.09,1.045,0.81,0.905,,6.89,7.18,5.96,5.34,6.23,5.58,6.50,5.82,1.95,2.03,2.12,1.76,1.58,1.84,1.65,1.92,1.72
Roman Josi,NSH,D,1,84,18.0,49.8,67.8,28.6,233.4,40.0,131.8,40.4,7.70%,24.60,90.00,186.75,0.00,14.30,116.70,12.00,79.08,0.00,0.00,0.00,498.83,5.94,1.83,,,,,,,,,,1,1,0.76,0.88,,5.94,5.94,5.23,4.51,5.23,4.51,5.23,4.51,2.08,2.08,2.08,1.83,1.58,1.83,1.58,1.83,1.58
Lane Hutson,MTL,D,1,84,10.6,69.2,79.8,24.2,126.6,35.1,131.3,36.0,8.40%,23.95,53.00,259.50,0.00,12.10,63.30,10.53,78.78,0.00,0.00,0.00,477.21,5.68,1.83,,,,,,,,,,1,1,1,1,,5.68,5.68,5.68,5.68,5.68,5.68,5.68,5.68,1.83,1.83,1.83,1.83,1.83,1.83,1.83,1.83,1.83
Dylan Guenther,UTA,LW/RW,1,84,40.8,35.5,76.3,25.7,273.7,69.0,34.0,28.8,14.90%,18.00,204.00,133.13,0.00,12.85,136.85,20.70,20.40,0.00,0.00,0.00,527.93,6.28,1.81,,,,,,,,,,1.08,1.04,1.12,1.06,,6.54,6.79,6.66,7.04,6.93,7.32,7.19,7.60,1.64,1.71,1.77,1.74,1.84,1.81,1.91,1.88,1.99
Artemi Panarin,LAK,LW,1,84,35.0,56.3,91.3,30.3,245.5,16.3,15.6,18.6,14.2%,20.05,175.00,211.13,0.00,15.15,122.75,4.89,9.36,0.00,0.00,0.00,538.28,6.41,1.79,,,,,,,,,,1.06,1.03,0.97,0.985,,6.60,6.79,6.31,6.22,6.50,6.40,6.69,6.59,1.76,1.82,1.87,1.74,1.71,1.79,1.76,1.84,1.81
Sam Reinhart,FLA,RW,1,84,41.1,41.5,82.6,28.5,226.7,83.3,50.4,24.1,18.1%,20.30,205.50,155.63,0.00,14.25,113.35,24.99,30.24,0.00,0.00,0.00,543.96,6.48,1.79,,,,,,,,,,0.95,0.975,1,1,,6.31,6.15,6.48,6.48,6.31,6.31,6.15,6.15,1.83,1.79,1.74,1.83,1.83,1.79,1.79,1.74,1.74
Jake Guentzel,TBL,LW/RW,1,84,39.4,49.6,89.0,31.1,223.9,37.6,42.5,42.6,17.6%,20.00,197.00,186.00,0.00,15.55,111.95,11.28,25.50,0.00,0.00,0.00,547.28,6.52,1.78,,,,,,,,,,1.08,1.04,0.83,0.915,,6.78,7.04,5.96,5.41,6.20,5.62,6.44,5.84,1.87,1.95,2.02,1.71,1.55,1.78,1.62,1.85,1.68
Clayton Keller,UTA,LW/RW,1,84,27.4,62.0,89.4,29.5,232.4,14.0,30.7,32.0,11.8%,19.10,137.00,232.50,0.00,14.75,116.20,4.20,18.42,0.00,0.00,0.00,523.07,6.23,1.75,,,,,,,,,,1.08,1.04,1.12,1.06,,6.48,6.73,6.60,6.97,6.86,7.25,7.13,7.53,1.58,1.65,1.71,1.68,1.77,1.75,1.84,1.81,1.92
Mikhail Sergachev,UTA,D,1,84,12.7,53.2,66.0,26.9,169.8,61.4,132.8,43.0,7.50%,24.35,63.50,199.50,0.00,13.45,84.90,18.42,79.68,0.00,0.00,0.00,459.45,5.47,1.71,,,,,,,,,,1,1,1.12,1.06,,5.47,5.47,5.80,6.13,5.80,6.13,5.80,6.13,1.61,1.61,1.61,1.71,1.81,1.71,1.81,1.71,1.81
Andrei Svechnikov,CAR,LW/RW,1,84,32.2,46.2,78.5,29.3,233.3,163.5,21.9,68.7,13.80%,17.50,161.00,173.25,0.00,14.65,116.65,49.05,13.14,0.00,0.00,0.00,527.74,6.28,1.70,,,,,,,,,,1.08,1.04,1,1,,6.53,6.79,6.28,6.28,6.53,6.53,6.79,6.79,1.64,1.70,1.77,1.64,1.64,1.70,1.70,1.77,1.77
Sidney Crosby,PIT,C,1,84,33.6,52.6,86.2,28.8,212.7,78.4,38.7,38.8,15.8%,19.60,168.00,197.25,0.00,14.40,106.35,23.52,23.22,0.00,0.00,0.00,532.74,6.34,1.70,,,,,,,,,,0.96,0.98,1.04,1.02,,6.22,6.09,6.47,6.60,6.34,6.46,6.21,6.33,1.70,1.66,1.63,1.73,1.77,1.70,1.73,1.66,1.70
J.T. Miller,NYR,C/LW/RW,1,84,25.5,53.8,79.3,27.3,179.7,177.7,42.9,42.7,14.20%,20.15,127.50,201.75,0.00,13.65,89.85,53.31,25.74,0.00,0.00,0.00,511.80,6.09,1.67,,,,,,,,,,1.13,1.065,1.16,1.08,,6.49,6.88,6.58,7.07,7.01,7.53,7.44,7.99,1.45,1.54,1.64,1.57,1.68,1.67,1.79,1.77,1.90
Aleksander Barkov,FLA,C,1,84,24.3,63.7,88.0,31.9,197.9,81.4,55.0,22.9,12.30%,20.10,121.50,238.88,0.00,15.95,98.95,24.42,33.00,0.00,0.00,0.00,532.70,6.34,1.66,,,,,,,,,,0.96,0.98,1,1,,6.21,6.09,6.34,6.34,6.21,6.21,6.09,6.09,1.70,1.66,1.63,1.70,1.70,1.66,1.66,1.63,1.63
Mika Zibanejad,NYR,C/RW,1,84,30.6,47.1,77.7,30.9,238.9,81.6,48.5,18.8,12.8%,19.85,153.00,176.63,0.00,15.45,119.45,24.48,29.10,0.00,0.00,0.00,518.11,6.17,1.65,,,,,,,,,,1.01,1.005,1.16,1.08,,6.20,6.23,6.66,7.15,6.69,7.19,6.73,7.23,1.52,1.53,1.54,1.65,1.77,1.65,1.78,1.66,1.79
Jakob Chychrun,WSH,D,2,84,21.9,33.1,55.0,13.9,229.5,67.7,123.5,55.5,9.5%,22.85,109.50,124.13,0.00,6.95,114.75,20.31,74.10,0.00,0.00,0.00,449.74,5.35,1.64,,,,,,,,,,1,1,1.19,1.095,,5.35,5.35,5.86,6.37,5.86,6.37,5.86,6.37,1.50,1.50,1.50,1.64,1.78,1.64,1.78,1.64,1.78
Jackson LaCombe,ANA,D,1,84,10.6,53.9,64.5,21.1,156.9,81.6,142.0,25.6,6.7%,25.45,53.00,202.13,0.00,10.55,78.45,24.48,85.20,0.00,0.00,0.00,453.81,5.40,1.62,,,,,,,,,,1,1,1.09,1.045,,5.40,5.40,5.65,5.89,5.65,5.89,5.65,5.89,1.55,1.55,1.55,1.62,1.69,1.62,1.69,1.62,1.69
Mark Scheifele,WPG,C,1,84,33.5,54.2,87.6,23.7,185.6,48.1,53.1,48.5,18.0%,21.00,167.50,203.25,0.00,11.85,92.80,14.43,31.86,0.00,0.00,0.00,521.69,6.21,1.57,,,,,,,,,,0.96,0.98,1.04,1.02,,6.09,5.96,6.33,6.46,6.21,6.33,6.08,6.20,1.57,1.54,1.50,1.60,1.63,1.57,1.60,1.53,1.56
Adrian Kempe,LAK,RW,1,84,38.7,35.9,74.6,24.0,259.4,113.5,38.1,43.1,14.90%,19.35,193.50,134.63,0.00,12.00,129.70,34.05,22.86,0.00,0.00,0.00,526.74,6.27,1.56,,,,,,,,,,0.95,0.975,0.97,0.985,,6.11,5.96,6.18,6.08,6.02,5.93,5.87,5.78,1.63,1.59,1.55,1.60,1.58,1.56,1.54,1.52,1.50
Mitch Marner,VGK,C/LW/RW,1,84,23.9,66.8,90.8,29.8,179.1,30.4,49.5,19.2,13.4%,20.30,119.50,250.50,0.00,14.90,89.55,9.12,29.70,0.00,0.00,0.00,513.27,6.11,1.56,,,,,,,,,,1.13,1.065,1,1,,6.51,6.90,6.11,6.11,6.51,6.51,6.90,6.90,1.47,1.56,1.66,1.47,1.47,1.56,1.56,1.66,1.66
John Carlson,TBL,D,1,84,16.7,51.0,67.7,22.5,199.7,39.2,113.0,22.8,8.40%,22.30,83.50,191.25,0.00,11.25,99.85,11.76,67.80,0.00,0.00,0.00,465.41,5.54,1.54,,,,,,,,,,1,1,0.83,0.915,,5.54,5.54,5.07,4.60,5.07,4.60,5.07,4.60,1.69,1.69,1.69,1.54,1.40,1.54,1.40,1.54,1.40
Mark Stone,VGK,RW,1,84,26.5,62.7,89.3,28.7,179.7,45.9,59.6,15.8,14.8%,19.25,132.50,235.13,0.00,14.35,89.85,13.77,35.76,0.00,0.00,0.00,521.36,6.21,1.52,,,,,,,,,,0.95,0.975,1,1,,6.05,5.90,6.21,6.21,6.05,6.05,5.90,5.90,1.56,1.52,1.49,1.56,1.56,1.52,1.52,1.49,1.49
Leo Carlsson,ANA,C,1,84,36.2,47.2,83.4,24.8,229.1,21.7,37.5,19.2,15.80%,20.05,181.00,177.00,0.00,12.40,114.55,6.51,22.50,0.00,0.00,0.00,513.96,6.12,1.51,,,,,,,,,,0.96,0.98,1.09,1.045,,6.00,5.87,6.39,6.67,6.27,6.54,6.14,6.40,1.48,1.45,1.42,1.54,1.61,1.51,1.58,1.48,1.54
Juraj Slafkovsky,MTL,LW/RW,1,84,30.3,44.4,74.6,28.1,193.6,126.9,74.0,52.2,15.60%,18.85,151.50,166.50,0.00,14.05,96.80,38.07,44.40,0.00,0.00,0.00,511.32,6.09,1.50,,,,,,,,,,1.08,1.04,1,1,,6.33,6.57,6.09,6.09,6.33,6.33,6.57,6.57,1.44,1.50,1.56,1.44,1.44,1.50,1.50,1.56,1.56
Darren Raddysh,TOR,D,1,84,15.7,48.4,64.1,23.7,207.6,65.7,91.2,51.9,7.60%,22.95,78.50,181.50,0.00,11.85,103.80,19.71,54.72,0.00,0.00,0.00,450.08,5.36,1.48,,,,,,,,,,1,1,0.97,0.985,,5.36,5.36,5.28,5.20,5.28,5.20,5.28,5.20,1.50,1.50,1.50,1.48,1.46,1.48,1.46,1.48,1.46
Brayden Point,TBL,C,1,84,41.1,44.3,85.4,29.4,214.6,20.8,41.9,18.9,19.10%,19.25,205.50,166.13,0.00,14.70,107.30,6.24,25.14,0.00,0.00,0.00,525.01,6.25,1.44,,,,,,,,,,0.96,0.98,0.83,0.915,,6.13,6.00,5.72,5.19,5.60,5.08,5.49,4.98,1.61,1.57,1.54,1.47,1.33,1.44,1.31,1.41,1.28
Brandt Clarke,LAK,D,1,84,12.7,44.9,57.6,22.6,202.0,36.2,152.5,60.9,6.3%,21.60,63.50,168.38,0.00,11.30,101.00,10.86,91.50,0.00,0.00,0.00,446.54,5.32,1.44,,,,,,,,,,1,1,0.97,0.985,,5.32,5.32,5.24,5.16,5.24,5.16,5.24,5.16,1.46,1.46,1.46,1.44,1.42,1.44,1.42,1.44,1.42
Charlie McAvoy,BOS,D,1,78,11.8,43.2,55.0,18.4,133.2,111.3,142.3,66.5,8.9%,24.50,59.00,162.00,0.00,9.20,66.60,33.39,85.38,0.00,0.00,0.00,415.57,5.33,1.42,,,,,,,,,,1,1,0.93,0.965,,5.33,5.33,5.14,4.95,5.14,4.95,5.14,4.95,1.47,1.47,1.47,1.42,1.37,1.42,1.37,1.42,1.37
Pavel Dorofeyev,NYR,LW/RW,1,84,38.1,30.9,69.1,26.2,276.2,35.8,42.1,29.0,13.8%,18.55,190.50,115.88,0.00,13.10,138.10,10.74,25.26,0.00,0.00,0.00,493.58,5.88,1.38,,,,,,,,,,1.08,1.04,1.16,1.08,,6.11,6.35,6.35,6.82,6.60,7.09,6.85,7.36,1.23,1.28,1.33,1.33,1.43,1.38,1.49,1.44,1.54
Sebastian Aho,CAR,C,1,84,32.2,50.2,82.4,28.1,219.5,62.7,27.8,43.4,14.7%,20.10,161.00,188.25,0.00,14.05,109.75,18.81,16.68,0.00,0.00,0.00,508.54,6.05,1.38,,,,,,,,,,0.96,0.98,1,1,,5.93,5.81,6.05,6.05,5.93,5.93,5.81,5.81,1.41,1.38,1.35,1.41,1.41,1.38,1.38,1.35,1.35
Nico Hischier,NJD,C,1,84,33.5,43.2,76.7,25.8,222.1,50.5,66.9,23.4,15.10%,20.65,167.50,162.00,0.00,12.90,111.05,15.15,40.14,0.00,0.00,0.00,508.74,6.06,1.34,,,,,,,,,,0.96,0.98,0.93,0.965,,5.94,5.81,5.84,5.63,5.73,5.52,5.61,5.41,1.41,1.38,1.36,1.36,1.31,1.34,1.29,1.31,1.26
Mathew Barzal,NYI,C/RW,1,84,23.6,59.1,82.7,25.1,211.4,45.9,58.9,41.8,11.10%,20.70,118.00,221.63,0.00,12.55,105.70,13.77,35.34,0.00,0.00,0.00,506.99,6.04,1.33,,,,,,,,,,1.01,1.005,0.9,0.95,,6.07,6.10,5.73,5.43,5.76,5.46,5.79,5.49,1.39,1.40,1.41,1.32,1.25,1.33,1.26,1.34,1.27
Bo Horvat,NYI,C,1,84,37.2,33.7,70.8,20.1,271.9,79.7,42.6,39.3,13.7%,20.65,186.00,126.38,0.00,10.05,135.95,23.91,25.56,0.00,0.00,0.00,507.85,6.05,1.31,,,,,,,,,,0.96,0.98,0.9,0.95,,5.92,5.80,5.74,5.44,5.63,5.33,5.51,5.22,1.40,1.37,1.35,1.33,1.26,1.31,1.24,1.28,1.21
Tom Wilson,WSH,RW,1,84,28.6,37.3,65.9,13.8,182.6,229.7,70.1,111.6,15.7%,19.30,143.00,139.88,0.00,6.90,91.30,68.91,42.06,0.00,0.00,0.00,492.05,5.86,1.30,,,,,,,,,,0.95,0.975,1.19,1.095,,5.71,5.56,6.41,6.97,6.25,6.80,6.09,6.62,1.21,1.18,1.15,1.33,1.45,1.30,1.41,1.26,1.37
Josh Morrissey,WPG,D,1,84,12.6,48.4,61.0,20.0,177.8,43.9,123.3,40.5,7.1%,24.75,63.00,181.50,0.00,10.00,88.90,13.17,73.98,0.00,0.00,0.00,430.55,5.13,1.30,,,,,,,,,,1,1,1.04,1.02,,5.13,5.13,5.23,5.33,5.23,5.33,5.23,5.33,1.27,1.27,1.27,1.30,1.32,1.30,1.32,1.30,1.32
Jesper Bratt,NJD,LW/RW,1,84,23.5,62.9,86.3,30.4,182.1,68.7,30.2,13.3,12.9%,18.90,117.50,235.88,0.00,15.20,91.05,20.61,18.12,0.00,0.00,0.00,498.36,5.93,1.29,,,,,,,,,,1.08,1.04,0.93,0.965,,6.17,6.41,5.73,5.52,5.95,5.74,6.18,5.96,1.29,1.34,1.39,1.24,1.20,1.29,1.25,1.34,1.30
Bryan Rust,PIT,RW,1,84,34.4,38.9,73.3,26.9,223.0,43.2,71.7,25.9,15.4%,19.95,172.00,145.88,0.00,13.45,111.50,12.96,43.02,0.00,0.00,0.00,498.81,5.94,1.29,,,,,,,,,,0.95,0.975,1.04,1.02,,5.79,5.64,6.06,6.18,5.91,6.02,5.75,5.87,1.29,1.26,1.23,1.32,1.35,1.29,1.31,1.25,1.28
Alex DeBrincat,DET,LW/RW,1,84,35.7,36.3,72.0,23.7,256.7,41.5,38.4,26.3,13.9%,18.60,178.50,136.13,0.00,11.85,128.35,12.45,23.04,0.00,0.00,0.00,490.32,5.84,1.29,,,,,,,,,,1.08,1.04,1.07,1.035,,6.07,6.30,6.04,6.25,6.28,6.50,6.52,6.75,1.19,1.24,1.29,1.24,1.28,1.29,1.33,1.33,1.38
Dylan Larkin,DET,C,1,84,34.9,36.1,71.0,24.4,262.6,52.1,38.2,41.4,13.30%,20.25,174.50,135.38,0.00,12.20,131.30,15.63,22.92,0.00,0.00,0.00,491.93,5.86,1.23,,,,,,,,,,0.96,0.98,1.07,1.035,,5.74,5.62,6.06,6.27,5.94,6.14,5.82,6.02,1.21,1.19,1.16,1.26,1.30,1.23,1.27,1.21,1.25
Erik Karlsson,PIT,D,1,84,15.1,48.6,63.7,25.6,189.6,26.9,86.0,24.9,7.9%,23.75,75.50,182.25,0.00,12.80,94.80,8.07,51.60,0.00,0.00,0.00,425.02,5.06,1.23,,,,,,,,,,1,1,1.04,1.02,,5.06,5.06,5.16,5.26,5.16,5.26,5.16,5.26,1.20,1.20,1.20,1.23,1.25,1.23,1.25,1.23,1.25
Zach Hyman,EDM,LW/RW,1,84,40.6,30.1,70.7,20.9,235.8,75.0,30.2,36.9,17.2%,18.75,203.00,112.88,0.00,10.45,117.90,22.50,18.12,0.00,0.00,0.00,484.85,5.77,1.23,,,,,,,,,,1.08,1.04,1.09,1.045,,6.00,6.23,6.03,6.29,6.27,6.54,6.51,6.79,1.13,1.17,1.22,1.18,1.23,1.23,1.28,1.27,1.33
Miro Heiskanen,DAL,D,1,84,9.4,51.6,61.0,24.7,162.5,29.6,133.1,33.1,5.80%,25.25,47.00,193.50,0.00,12.35,81.25,8.88,79.86,0.00,0.00,0.00,422.84,5.03,1.20,,,,,,,,,,1,1,1.04,1.02,,5.03,5.03,5.13,5.24,5.13,5.24,5.13,5.24,1.18,1.18,1.18,1.20,1.23,1.20,1.23,1.20,1.23
Dylan Cozens,OTT,C,1,84,29.4,36.9,66.3,26.7,226.5,214.9,27.9,43.3,13.0%,17.60,147.00,138.38,0.00,13.35,113.25,64.47,16.74,0.00,0.00,0.00,493.19,5.87,1.19,,,,,,,,,,0.96,0.98,0.97,0.985,,5.75,5.64,5.78,5.70,5.67,5.58,5.55,5.47,1.23,1.20,1.18,1.21,1.19,1.19,1.17,1.16,1.14
Adam Fantilli,CBJ,C,1,84,31.1,36.9,68.0,18.1,240.5,132.0,55.3,33.9,12.90%,19.05,155.50,138.38,0.00,9.05,120.25,39.60,33.18,0.00,0.00,0.00,495.96,5.90,1.17,,,,,,,,,,0.96,0.98,0.9,0.95,,5.79,5.67,5.61,5.31,5.50,5.21,5.38,5.10,1.26,1.24,1.21,1.20,1.13,1.17,1.11,1.15,1.09
Nikolaj Ehlers,CAR,LW,1,84,30.4,46.9,77.3,28.0,235.2,27.6,25.7,15.6,12.9%,17.10,152.00,175.88,0.00,14.00,117.60,8.28,15.42,0.00,0.00,0.00,483.18,5.75,1.14,,,,,,,,,,1.06,1.03,1,1,,5.92,6.10,5.75,5.75,5.92,5.92,6.10,6.10,1.11,1.14,1.18,1.11,1.11,1.14,1.14,1.18,1.18
Shayne Gostisbehere,CAR,D,1,84,15.1,47.5,62.6,27.0,168.6,42.8,91.0,29.6,9.0%,19.60,75.50,178.13,0.00,13.50,84.30,12.84,54.60,0.00,0.00,0.00,418.87,4.99,1.13,,,,,,,,,,1,1,1,1,,4.99,4.99,4.99,4.99,4.99,4.99,4.99,4.99,1.13,1.13,1.13,1.13,1.13,1.13,1.13,1.13,1.13
Noah Dobson,MTL,D,2,84,13.0,33.4,46.4,9.3,189.5,68.1,178.5,35.3,6.9%,22.65,65.00,125.25,0.00,4.65,94.75,20.43,107.10,0.00,0.00,0.00,417.18,4.97,1.11,,,,,,,,,,1,1,1,1,,4.97,4.97,4.97,4.97,4.97,4.97,4.97,4.97,1.11,1.11,1.11,1.11,1.11,1.11,1.11,1.11,1.11
Timo Meier,NJD,LW/RW,2,84,30.8,28.1,58.9,14.3,278.0,141.1,58.5,32.7,11.10%,18.10,154.00,105.38,0.00,7.15,139.00,42.33,35.10,0.00,0.00,0.00,482.96,5.75,1.11,,,,,,,,,,1.08,1.04,0.93,0.965,,5.98,6.21,5.55,5.35,5.77,5.56,5.99,5.77,1.11,1.15,1.19,1.07,1.03,1.11,1.07,1.15,1.11
Alex Tuch,WSH,LW/RW,2,84,28.5,37.0,65.5,13.5,205.3,83.9,93.5,53.5,13.9%,19.20,142.50,138.75,0.00,6.75,102.65,25.17,56.10,0.00,0.00,0.00,471.92,5.62,1.11,,,,,,,,,,1.08,1.04,1.19,1.095,,5.84,6.07,6.15,6.69,6.40,6.95,6.64,7.22,0.97,1.01,1.05,1.07,1.16,1.11,1.21,1.15,1.25
Drake Batherson,OTT,LW/RW,1,84,30.0,44.1,74.0,30.7,191.9,123.1,28.1,32.0,15.6%,17.60,150.00,165.38,0.00,15.35,95.95,36.93,16.86,0.00,0.00,0.00,480.47,5.72,1.10,,,,,,,,,,1.08,1.04,0.97,0.985,,5.95,6.18,5.63,5.55,5.86,5.77,6.08,5.99,1.08,1.12,1.16,1.06,1.04,1.10,1.09,1.15,1.13
Seth Jarvis,CAR,LW/RW,1,60,19.8,31.7,51.5,17.3,162.3,62.6,25.8,16.4,12.20%,18.80,99.00,118.88,0.00,8.65,81.15,18.78,15.48,0.00,0.00,0.00,341.94,5.70,1.10,,,,,,,,,,1.08,1.04,1,1,,5.93,6.15,5.70,5.70,5.93,5.93,6.15,6.15,1.06,1.10,1.14,1.06,1.06,1.10,1.10,1.14,1.14
Evgeni Malkin,PIT,C/LW/RW,1,84,26.8,50.3,77.1,28.1,211.3,34.2,29.9,73.1,12.7%,17.85,134.00,188.63,0.00,14.05,105.65,10.26,17.94,0.00,0.00,0.00,470.53,5.60,1.04,,,,,,,,,,1.13,1.065,1.04,1.02,,5.97,6.33,5.71,5.83,6.08,6.20,6.46,6.58,0.96,1.02,1.08,0.98,1.00,1.04,1.06,1.10,1.13
Robert Thomas,STL,C,1,84,24.4,64.5,88.8,26.7,147.4,15.2,53.5,26.6,16.50%,20.05,122.00,241.88,0.00,13.35,73.70,4.56,32.10,0.00,0.00,0.00,487.59,5.80,1.03,,,,,,,,,,0.96,0.98,0.81,0.905,,5.69,5.57,5.25,4.70,5.15,4.61,5.04,4.51,1.16,1.14,1.11,1.05,0.94,1.03,0.92,1.01,0.90
Kirill Marchenko,CBJ,RW,1,84,29.4,43.5,72.9,25.0,223.0,60.8,45.5,28.6,13.20%,18.95,147.00,163.13,0.00,12.50,111.50,18.24,27.30,0.00,0.00,0.00,479.67,5.71,0.99,,,,,,,,,,0.95,0.975,0.9,0.95,,5.57,5.42,5.42,5.14,5.29,5.01,5.15,4.88,1.07,1.04,1.01,1.01,0.96,0.99,0.94,0.96,0.91
Travis Konecny,PHI,LW/RW,1,84,28.7,42.9,71.6,20.3,194.3,97.4,38.8,55.4,14.80%,19.20,143.50,160.88,0.00,10.15,97.15,29.22,23.28,0.00,0.00,0.00,464.18,5.53,0.94,,,,,,,,,,1.08,1.04,1.04,1.02,,5.75,5.97,5.64,5.75,5.86,5.98,6.09,6.21,0.88,0.92,0.95,0.90,0.92,0.94,0.95,0.97,0.99
Nazem Kadri,COL,C/LW,1,84,28.1,40.4,68.6,20.8,242.3,55.4,33.6,34.6,11.6%,18.05,140.50,151.50,0.00,10.40,121.15,16.62,20.16,0.00,0.00,0.00,460.33,5.48,0.94,,,,,,,,,,1.09,1.045,1.14,1.07,,5.73,5.97,5.86,6.25,6.13,6.53,6.39,6.81,0.84,0.87,0.91,0.90,0.95,0.94,1.00,0.98,1.04
Seth Jones,FLA,D,1,84,11.7,40.4,52.1,21.9,177.6,99.1,102.6,30.8,6.6%,23.25,58.50,151.50,0.00,10.95,88.80,29.73,61.56,0.00,0.00,0.00,401.04,4.77,0.92,,,,,,,,,,1,1,1,1,,4.77,4.77,4.77,4.77,4.77,4.77,4.77,4.77,0.92,0.92,0.92,0.92,0.92,0.92,0.92,0.92,0.92
Logan Cooley,UTA,C,1,84,29.5,45.6,75.1,23.6,175.9,69.6,40.9,40.1,16.8%,18.65,147.50,171.00,0.00,11.80,87.95,20.88,24.54,0.00,0.00,0.00,463.67,5.52,0.91,,,,,,,,,,0.96,0.98,1.12,1.06,,5.41,5.30,5.85,6.18,5.73,6.06,5.62,5.93,0.88,0.86,0.84,0.93,0.98,0.91,0.96,0.89,0.94
Brock Faber,MIN,D,2,84,13.6,38.4,52.0,9.1,175.2,39.7,145.4,32.9,7.70%,24.55,68.00,144.00,0.00,4.55,87.60,11.91,87.24,0.00,0.00,0.00,403.30,4.80,0.90,,,,,,,,,,1,1,0.9,0.95,,4.80,4.80,4.56,4.32,4.56,4.32,4.56,4.32,0.95,0.95,0.95,0.90,0.85,0.90,0.85,0.90,0.85
Jared McCann,SEA,C/LW,1,84,33.1,35.2,68.3,23.4,220.0,56.3,43.5,21.3,15.00%,16.95,165.50,132.00,0.00,11.70,110.00,16.89,26.10,0.00,0.00,0.00,462.19,5.50,0.90,,,,,,,,,,1.09,1.045,1,1,,5.75,6.00,5.50,5.50,5.75,5.75,6.00,6.00,0.86,0.90,0.94,0.86,0.86,0.90,0.90,0.94,0.94
Jimmy Snuggerud,STL,RW,1,84,31.3,35.0,66.3,17.3,243.2,83.7,51.6,27.7,12.9%,18.20,156.50,131.25,0.00,8.65,121.60,25.11,30.96,0.00,0.00,0.00,474.07,5.64,0.88,,,,,,,,,,0.95,0.975,0.81,0.905,,5.50,5.36,5.11,4.57,4.98,4.46,4.85,4.34,1.00,0.98,0.95,0.91,0.81,0.88,0.79,0.86,0.77
Steven Stamkos,NSH,C/RW,1,84,36.9,32.0,68.9,25.9,220.9,82.8,34.4,47.4,16.70%,17.75,184.50,120.00,0.00,12.95,110.45,24.84,20.64,0.00,0.00,0.00,473.38,5.64,0.88,,,,,,,,,,1.01,1.005,0.76,0.88,,5.66,5.69,4.96,4.28,4.98,4.30,5.01,4.33,0.99,1.00,1.00,0.87,0.75,0.88,0.76,0.88,0.76
Dougie Hamilton,NJD,D,2,84,14.4,31.1,45.5,14.3,253.3,81.3,88.3,45.5,5.70%,21.40,72.00,116.63,0.00,7.15,126.65,24.39,52.98,0.00,0.00,0.00,399.80,4.76,0.87,,,,,,,,,,1,1,0.93,0.965,,4.76,4.76,4.59,4.43,4.59,4.43,4.59,4.43,0.90,0.90,0.90,0.87,0.84,0.87,0.84,0.87,0.84
Joel Eriksson Ek,MIN,C,1,84,25.9,35.6,61.5,18.2,245.6,148.6,47.4,43.4,10.5%,19.50,129.50,133.50,0.00,9.10,122.80,44.58,28.44,0.00,0.00,0.00,467.92,5.57,0.86,,,,,,,,,,0.96,0.98,0.9,0.95,,5.46,5.35,5.29,5.01,5.19,4.91,5.08,4.81,0.93,0.91,0.89,0.88,0.83,0.86,0.82,0.85,0.80
Victor Hedman,TBL,D,2,84,12.2,37.9,50.1,15.3,192.6,61.6,126.7,40.7,6.3%,21.75,61.00,142.13,0.00,7.65,96.30,18.48,76.02,0.00,0.00,0.00,401.58,4.78,0.85,,,,,,,,,,1,1,0.83,0.915,,4.78,4.78,4.37,3.97,4.37,3.97,4.37,3.97,0.93,0.93,0.93,0.85,0.77,0.85,0.77,0.85,0.77
Lucas Raymond,DET,RW,1,84,24.9,52.1,77.0,28.6,184.1,47.9,31.9,20.1,13.50%,18.95,124.50,195.38,0.00,14.30,92.05,14.37,19.14,0.00,0.00,0.00,459.74,5.47,0.84,,,,,,,,,,0.95,0.975,1.07,1.035,,5.34,5.20,5.66,5.86,5.52,5.71,5.38,5.56,0.83,0.81,0.79,0.86,0.89,0.84,0.87,0.82,0.84
Shea Theodore,VGK,D,2,84,10.7,51.4,62.1,16.5,163.8,10.9,90.6,31.9,6.5%,23.20,53.50,192.75,0.00,8.25,81.90,3.27,54.36,0.00,0.00,0.00,394.03,4.69,0.84,,,,,,,,,,1,1,1,1,,4.69,4.69,4.69,4.69,4.69,4.69,4.69,4.69,0.84,0.84,0.84,0.84,0.84,0.84,0.84,0.84,0.84
Elias Pettersson,VAN,C,1,84,21.3,44.7,66.0,24.8,168.3,82.3,107.3,18.3,12.6%,19.45,106.50,167.63,0.00,12.40,84.15,24.69,64.38,0.00,0.00,0.00,459.75,5.47,0.82,,,,,,,,,,0.96,0.98,1.02,1.01,,5.36,5.25,5.53,5.58,5.42,5.47,5.31,5.36,0.83,0.81,0.80,0.84,0.85,0.82,0.83,0.80,0.81
Brandon Montour,SEA,D,2,84,14.4,30.6,45.0,12.3,228.3,89.9,96.5,62.2,6.3%,22.25,72.00,114.75,0.00,6.15,114.15,26.97,57.90,0.00,0.00,0.00,391.92,4.67,0.81,,,,,,,,,,1,1,1,1,,4.67,4.67,4.67,4.67,4.67,4.67,4.67,4.67,0.81,0.81,0.81,0.81,0.81,0.81,0.81,0.81,0.81
Alex Ovechkin,WSH,LW/RW,1,84,29.2,34.3,63.6,20.5,230.0,135.1,15.3,18.0,12.7%,16.90,146.00,128.63,0.00,10.25,115.00,40.53,9.18,0.00,0.00,0.00,449.59,5.35,0.81,,,,,,,,,,1.08,1.04,1.19,1.095,,5.57,5.78,5.86,6.37,6.10,6.62,6.33,6.88,0.71,0.74,0.77,0.78,0.84,0.81,0.88,0.84,0.91
John Tavares,TOR,C,2,84,32.5,35.3,67.8,17.0,218.4,89.7,30.1,28.9,14.90%,17.65,162.50,132.38,0.00,8.50,109.20,26.91,18.06,0.00,0.00,0.00,457.55,5.45,0.78,,,,,,,,,,0.96,0.98,0.97,0.985,,5.34,5.23,5.37,5.28,5.26,5.18,5.15,5.07,0.80,0.79,0.77,0.79,0.78,0.78,0.76,0.76,0.75
Roope Hintz,DAL,C,1,84,27.7,43.2,70.9,25.6,196.7,75.1,34.1,29.5,14.10%,17.70,138.50,162.00,0.00,12.80,98.35,22.53,20.46,0.00,0.00,0.00,454.64,5.41,0.77,,,,,,,,,,0.96,0.98,1.04,1.02,,5.30,5.20,5.52,5.63,5.41,5.52,5.30,5.40,0.77,0.75,0.74,0.78,0.80,0.77,0.78,0.75,0.77
Kevin Fiala,LAK,LW,1,84,26.4,43.3,69.7,28.6,219.7,52.4,28.8,50.2,12.00%,18.55,132.00,162.38,0.00,14.30,109.85,15.72,17.28,0.00,0.00,0.00,451.53,5.38,0.74,,,,,,,,,,1.06,1.03,0.97,0.985,,5.54,5.70,5.29,5.21,5.45,5.37,5.61,5.53,0.73,0.75,0.78,0.72,0.71,0.74,0.73,0.76,0.75
Matthew Knies,TOR,LW/RW,1,84,28.7,36.1,64.9,18.8,182.3,169.3,34.4,45.1,15.80%,18.40,143.50,135.38,0.00,9.40,91.15,50.79,20.64,0.00,0.00,0.00,450.86,5.37,0.74,,,,,,,,,,1.08,1.04,0.97,0.985,,5.58,5.80,5.29,5.21,5.50,5.41,5.71,5.62,0.72,0.75,0.78,0.71,0.70,0.74,0.73,0.77,0.76
Nick Schmaltz,UTA,C/RW,1,84,27.2,44.5,71.7,21.5,191.3,24.9,49.8,19.5,14.20%,19.70,136.00,166.88,0.00,10.75,95.65,7.47,29.88,0.00,0.00,0.00,446.63,5.32,0.72,,,,,,,,,,1.01,1.005,1.12,1.06,,5.34,5.37,5.64,5.96,5.66,5.98,5.69,6.01,0.67,0.68,0.68,0.71,0.75,0.72,0.76,0.72,0.76
Vincent Trocheck,UTA,C,2,84,23.9,36.4,60.4,15.4,183.2,193.0,57.6,56.2,13.10%,19.05,119.50,136.50,0.00,7.70,91.60,57.90,34.56,0.00,0.00,0.00,447.76,5.33,0.71,,,,,,,,,,0.96,0.98,1.12,1.06,,5.22,5.12,5.65,5.97,5.54,5.85,5.42,5.73,0.69,0.67,0.66,0.73,0.77,0.71,0.75,0.70,0.74
Rickard Rakell,PIT,C/LW/RW,1,84,28.9,31.5,60.4,20.1,218.4,103.5,49.6,16.5,13.20%,18.70,144.50,118.13,0.00,10.05,109.20,31.05,29.76,0.00,0.00,0.00,442.69,5.27,0.68,,,,,,,,,,1.13,1.065,1.04,1.02,,5.61,5.96,5.38,5.48,5.72,5.84,6.07,6.19,0.63,0.67,0.71,0.64,0.65,0.68,0.69,0.72,0.74
Jordan Kyrou,WSH,RW,1,84,27.8,41.7,69.4,23.2,224.8,19.2,27.9,16.0,12.4%,17.25,139.00,156.38,0.00,11.60,112.40,5.76,16.74,0.00,0.00,0.00,441.88,5.26,0.66,,,,,,,,,,0.95,0.975,1.19,1.095,,5.13,5.00,5.76,6.26,5.62,6.10,5.47,5.95,0.62,0.60,0.59,0.68,0.73,0.66,0.72,0.64,0.70
Vince Dunn,SEA,D,1,84,13.0,37.7,50.7,21.7,183.0,38.4,96.9,51.2,7.1%,22.15,65.00,141.38,0.00,10.85,91.50,11.52,58.14,0.00,0.00,0.00,378.39,4.50,0.65,,,,,,,,,,1,1,1,1,,4.50,4.50,4.50,4.50,4.50,4.50,4.50,4.50,0.65,0.65,0.65,0.65,0.65,0.65,0.65,0.65,0.65
Beckett Sennecke,ANA,RW,2,84,25.1,41.8,66.9,15.8,210.1,86.2,29.4,45.5,11.90%,17.50,125.50,156.75,0.00,7.90,105.05,25.86,17.64,0.00,0.00,0.00,438.70,5.22,0.59,,,,,,,,,,0.95,0.975,1.09,1.045,,5.09,4.96,5.46,5.69,5.32,5.55,5.18,5.41,0.58,0.56,0.55,0.61,0.63,0.59,0.62,0.58,0.60
Alexis Lafrenière,NYR,LW/RW,1,84,23.8,42.7,66.5,20.9,185.8,93.3,39.5,29.8,12.8%,18.60,119.00,160.13,0.00,10.45,92.90,27.99,23.70,0.00,0.00,0.00,434.17,5.17,0.59,,,,,,,,,,1.08,1.04,1.16,1.08,,5.38,5.58,5.58,6.00,5.81,6.24,6.03,6.48,0.53,0.55,0.57,0.57,0.61,0.59,0.63,0.61,0.66
Thomas Chabot,OTT,D,2,84,11.1,30.9,42.0,11.0,170.7,59.7,156.1,31.4,6.5%,22.70,55.50,115.88,0.00,5.50,85.35,17.91,93.66,0.00,0.00,0.00,373.80,4.45,0.59,,,,,,,,,,1,1,0.97,0.985,,4.45,4.45,4.38,4.32,4.38,4.32,4.38,4.32,0.59,0.59,0.59,0.59,0.58,0.59,0.58,0.59,0.58
Thomas Harley,DAL,D,2,84,13.7,31.6,45.3,9.1,153.7,41.1,151.9,30.6,8.9%,23.10,68.50,118.50,0.00,4.55,76.85,12.33,91.14,0.00,0.00,0.00,371.87,4.43,0.58,,,,,,,,,,1,1,1.04,1.02,,4.43,4.43,4.52,4.60,4.52,4.60,4.52,4.60,0.57,0.57,0.57,0.58,0.59,0.58,0.59,0.58,0.59
Troy Terry,ANA,RW,1,54,15.1,33.0,48.1,13.6,127.6,4.7,16.7,10.7,11.8%,18.05,75.50,123.75,0.00,6.80,63.80,1.41,10.02,0.00,0.00,0.00,281.28,5.21,0.58,,,,,,,,,,0.95,0.975,1.09,1.045,,5.08,4.95,5.44,5.68,5.31,5.54,5.17,5.39,0.57,0.55,0.54,0.59,0.62,0.58,0.60,0.56,0.59
Morgan Geekie,BOS,C/LW/RW,1,84,37.7,22.9,60.6,22.4,194.3,118.1,30.1,20.2,19.40%,17.40,188.50,85.88,0.00,11.20,97.15,35.43,18.06,0.00,0.00,0.00,436.22,5.19,0.57,,,,,,,,,,1.13,1.065,0.93,0.965,,5.53,5.87,5.01,4.83,5.34,5.14,5.66,5.46,0.55,0.59,0.62,0.53,0.51,0.57,0.54,0.60,0.58
Quinton Byfield,LAK,C,1,84,26.5,39.4,65.9,21.2,202.9,74.9,37.3,41.1,13.1%,20.40,132.50,147.75,0.00,10.60,101.45,22.47,22.38,0.00,0.00,0.00,437.15,5.20,0.54,,,,,,,,,,0.96,0.98,0.97,0.985,,5.10,5.00,5.13,5.05,5.02,4.95,4.92,4.85,0.56,0.55,0.54,0.55,0.54,0.54,0.53,0.53,0.52
Filip Hronek,VAN,D,2,84,7.2,41.6,48.8,17.9,133.0,126.6,104.7,38.9,5.4%,25.15,36.00,156.00,0.00,8.95,66.50,37.98,62.82,0.00,0.00,0.00,368.25,4.38,0.53,,,,,,,,,,1,1,1.02,1.01,,4.38,4.38,4.43,4.47,4.43,4.47,4.43,4.47,0.53,0.53,0.53,0.53,0.54,0.53,0.54,0.53,0.54
Owen Tippett,PHI,LW/RW,2,84,26.3,25.7,51.9,10.3,237.8,155.5,55.3,23.8,11.00%,16.60,131.50,96.38,0.00,5.15,118.90,46.65,33.18,0.00,0.00,0.00,431.76,5.14,0.53,,,,,,,,,,1.08,1.04,1.04,1.02,,5.35,5.55,5.24,5.35,5.45,5.56,5.66,5.77,0.50,0.52,0.54,0.51,0.52,0.53,0.54,0.55,0.56
Tomas Hertl,VGK,C/LW,1,84,27.4,29.1,56.4,24.3,215.1,115.1,49.7,33.7,12.7%,16.65,137.00,109.13,0.00,12.15,107.55,34.53,29.82,0.00,0.00,0.00,430.18,5.12,0.50,,,,,,,,,,1.09,1.045,1,1,,5.35,5.58,5.12,5.12,5.35,5.35,5.58,5.58,0.48,0.50,0.52,0.48,0.48,0.50,0.50,0.52,0.52
Luke Hughes,NJD,D,1,84,10.9,44.0,54.9,23.1,172.2,24.4,69.4,34.1,6.3%,23.05,54.50,165.00,0.00,11.55,86.10,7.32,41.64,0.00,0.00,0.00,366.11,4.36,0.49,,,,,,,,,,1,1,0.93,0.965,,4.36,4.36,4.21,4.05,4.21,4.05,4.21,4.05,0.50,0.50,0.50,0.49,0.47,0.49,0.47,0.49,0.47
Gabriel Vilardi,WPG,C/RW,1,84,32.3,35.5,67.8,25.0,176.5,26.3,43.4,27.4,18.3%,18.95,161.50,133.13,0.00,12.50,88.25,7.89,26.04,0.00,0.00,0.00,429.31,5.11,0.48,,,,,,,,,,1.01,1.005,1.04,1.02,,5.14,5.16,5.21,5.32,5.24,5.34,5.27,5.37,0.47,0.47,0.47,0.48,0.49,0.48,0.49,0.48,0.49
Trevor Zegras,PHI,C/LW/RW,1,84,24.4,45.9,70.3,25.1,179.9,46.0,26.9,52.5,13.5%,18.60,122.00,172.13,0.00,12.55,89.95,13.80,16.14,0.00,0.00,0.00,426.57,5.08,0.47,,,,,,,,,,1.13,1.065,1.04,1.02,,5.41,5.74,5.18,5.28,5.52,5.62,5.85,5.97,0.43,0.46,0.49,0.44,0.45,0.47,0.48,0.50,0.51
Bowen Byram,CHI,D,1,84,13.3,33.9,47.2,16.0,150.6,61.5,108.7,43.9,8.80%,24.00,66.50,127.13,0.00,8.00,75.30,18.45,65.22,0.00,0.00,0.00,360.60,4.29,0.46,,,,,,,,,,1,1,1.09,1.045,,4.29,4.29,4.49,4.68,4.49,4.68,4.49,4.68,0.44,0.44,0.44,0.46,0.48,0.46,0.48,0.46,0.48
Gabriel Landeskog,COL,LW/RW,1,84,24.2,34.3,58.6,12.4,205.2,126.0,45.7,54.5,11.8%,16.55,121.00,128.63,0.00,6.20,102.60,37.80,27.42,0.00,0.00,0.00,423.65,5.04,0.45,,,,,,,,,,1.08,1.04,1.14,1.07,,5.25,5.45,5.40,5.75,5.61,5.98,5.83,6.21,0.40,0.42,0.43,0.43,0.46,0.45,0.47,0.46,0.49
Mackenzie Weegar,UTA,D,2,84,6.8,26.7,33.5,3.8,142.3,175.6,164.9,48.6,4.8%,21.35,34.00,100.13,0.00,1.90,71.15,52.68,98.94,0.00,0.00,0.00,358.80,4.27,0.44,,,,,,,,,,1,1,1.12,1.06,,4.27,4.27,4.53,4.78,4.53,4.78,4.53,4.78,0.42,0.42,0.42,0.44,0.47,0.44,0.47,0.44,0.47
Ryan O'Reilly,NSH,C,1,84,23.6,47.3,70.9,22.2,160.1,21.0,65.9,26.7,14.80%,20.00,118.00,177.38,0.00,11.10,80.05,6.30,39.54,0.00,0.00,0.00,432.37,5.15,0.43,,,,,,,,,,0.96,0.98,0.76,0.88,,5.04,4.94,4.53,3.91,4.44,3.83,4.35,3.76,0.50,0.49,0.48,0.44,0.38,0.43,0.38,0.43,0.37
Will Smith,SJS,LW/RW,1,84,24.8,46.8,71.5,24.0,193.1,16.6,15.5,15.0,12.80%,18.20,124.00,175.50,0.00,12.00,96.55,4.98,9.30,0.00,0.00,0.00,422.33,5.03,0.42,,,,,,,,,,1.08,1.04,1.09,1.045,,5.23,5.43,5.25,5.48,5.46,5.70,5.67,5.92,0.38,0.40,0.42,0.40,0.42,0.42,0.44,0.43,0.45
Sam Bennett,FLA,C,2,84,23.3,32.7,56.1,9.5,218.5,150.0,45.6,83.9,10.70%,17.40,116.50,122.63,0.00,4.75,109.25,45.00,27.36,0.00,0.00,0.00,425.49,5.07,0.41,,,,,,,,,,0.96,0.98,1,1,,4.96,4.86,5.07,5.07,4.96,4.96,4.86,4.86,0.42,0.41,0.41,0.42,0.42,0.41,0.41,0.41,0.41
Darnell Nurse,SJS,D,,84,8.2,18.6,26.8,0.0,164.5,167.5,182.7,88.2,5.00%,22.25,41.00,69.75,0.00,0.00,82.25,50.25,109.62,0.00,0.00,0.00,352.87,4.20,0.36,,,,,,,,,,1,1,1.09,1.045,,4.20,4.20,4.39,4.58,4.39,4.58,4.39,4.58,0.35,0.35,0.35,0.36,0.38,0.36,0.38,0.36,0.38
Valeri Nichushkin,CBJ,LW/RW,1,84,27.3,32.8,60.2,16.8,216.7,81.6,33.1,17.0,12.6%,18.75,136.50,123.00,0.00,8.40,108.35,24.48,19.86,0.00,0.00,0.00,420.59,5.01,0.36,,,,,,,,,,1.08,1.04,0.9,0.95,,5.21,5.41,4.76,4.51,4.95,4.69,5.14,4.87,0.36,0.38,0.39,0.35,0.33,0.36,0.34,0.37,0.35
Rasmus Andersson,VGK,D,2,84,10.8,28.1,38.9,6.5,168.7,38.0,159.1,45.3,6.4%,22.40,54.00,105.38,0.00,3.25,84.35,11.40,95.46,0.00,0.00,0.00,353.84,4.21,0.36,,,,,,,,,,1,1,1,1,,4.21,4.21,4.21,4.21,4.21,4.21,4.21,4.21,0.36,0.36,0.36,0.36,0.36,0.36,0.36,0.36,0.36
Bobby McMann,SEA,LW/RW,2,84,31.9,19.2,51.2,8.2,230.1,161.0,28.6,36.0,13.9%,17.50,159.50,72.00,0.00,4.10,115.05,48.30,17.16,0.00,0.00,0.00,416.11,4.95,0.32,,,,,,,,,,1.08,1.04,1,1,,5.15,5.35,4.95,4.95,5.15,5.15,5.35,5.35,0.31,0.32,0.34,0.31,0.31,0.32,0.32,0.34,0.34
Porter Martone,PHI,RW,1,84,27.0,31.3,58.3,19.0,222.8,97.4,23.5,38.7,12.10%,17.35,135.00,117.38,0.00,9.50,111.40,29.22,14.10,0.00,0.00,0.00,416.60,4.96,0.31,,,,,,,,,,0.95,0.975,1.04,1.02,,4.84,4.71,5.06,5.16,4.93,5.03,4.81,4.90,0.32,0.31,0.30,0.32,0.33,0.31,0.32,0.31,0.31
Brock Nelson,COL,C,2,84,28.7,32.2,60.8,12.4,193.9,36.9,59.8,22.2,14.8%,18.60,143.50,120.75,0.00,6.20,96.95,11.07,35.88,0.00,0.00,0.00,414.35,4.93,0.30,,,,,,,,,,0.96,0.98,1.14,1.07,,4.83,4.74,5.28,5.62,5.17,5.51,5.07,5.40,0.29,0.28,0.28,0.31,0.33,0.30,0.32,0.30,0.32
William Eklund,OTT,LW/RW,1,84,20.4,43.1,63.5,20.0,191.9,67.3,41.5,33.4,10.6%,18.50,102.00,161.63,0.00,10.00,95.95,20.19,24.90,0.00,0.00,0.00,414.67,4.94,0.30,,,,,,,,,,1.08,1.04,0.97,0.985,,5.13,5.33,4.86,4.79,5.06,4.98,5.25,5.17,0.29,0.31,0.32,0.29,0.28,0.30,0.30,0.31,0.31
Viktor Arvidsson,DET,LW/RW,1,84,26.9,30.6,57.5,19.8,236.5,34.5,41.7,32.7,11.4%,16.55,134.50,114.75,0.00,9.90,118.25,10.35,25.02,0.00,0.00,0.00,412.77,4.91,0.29,,,,,,,,,,1.08,1.04,1.07,1.035,,5.11,5.31,5.09,5.26,5.29,5.47,5.49,5.68,0.27,0.28,0.29,0.28,0.29,0.29,0.30,0.30,0.31
Sam Malinski,COL,D,2,84,12.7,29.4,42.1,4.7,191.0,50.1,99.1,23.1,6.7%,19.90,63.50,110.25,0.00,2.35,95.50,15.03,59.46,0.00,0.00,0.00,346.09,4.12,0.28,,,,,,,,,,1,1,1.14,1.07,,4.12,4.12,4.41,4.70,4.41,4.70,4.41,4.70,0.26,0.26,0.26,0.28,0.30,0.28,0.30,0.28,0.30
Ivan Demidov,MTL,RW,1,84,23.8,47.4,71.2,23.3,152.9,31.9,30.0,33.0,15.6%,16.90,119.00,177.75,0.00,11.65,76.45,9.57,18.00,0.00,0.00,0.00,412.42,4.91,0.26,,,,,,,,,,0.95,0.975,1,1,,4.79,4.66,4.91,4.91,4.79,4.79,4.66,4.66,0.27,0.26,0.25,0.27,0.27,0.26,0.26,0.25,0.25
Josh Norris,BUF,C,1,84,25.9,39.3,65.2,21.1,149.2,59.7,53.9,43.1,17.40%,17.00,129.50,147.38,0.00,10.55,74.60,17.91,32.34,0.00,0.00,0.00,412.28,4.91,0.25,,,,,,,,,,0.96,0.98,0.95,0.975,,4.81,4.71,4.79,4.66,4.69,4.57,4.59,4.48,0.26,0.26,0.25,0.26,0.25,0.25,0.25,0.25,0.24
Sean Walker,CAR,D,,84,8.2,25.1,33.3,0.0,179.6,140.0,129.4,57.7,4.60%,22.00,41.00,94.13,0.00,0.00,89.80,42.00,77.64,0.00,0.00,0.00,344.57,4.10,0.25,,,,,,,,,,1,1,1,1,,4.10,4.10,4.10,4.10,4.10,4.10,4.10,4.10,0.25,0.25,0.25,0.25,0.25,0.25,0.25,0.25,0.25
Patrick Kane,CHI,RW,1,84,21.7,43.0,64.7,22.4,209.8,21.7,26.4,20.5,10.3%,17.75,108.50,161.25,0.00,11.20,104.90,6.51,15.84,0.00,0.00,0.00,408.20,4.86,0.22,,,,,,,,,,0.95,0.975,1.09,1.045,,4.74,4.62,5.08,5.30,4.95,5.16,4.82,5.03,0.22,0.21,0.21,0.23,0.24,0.22,0.23,0.21,0.22
Matt Coronato,CGY,RW,1,84,27.3,32.5,59.8,20.4,228.4,28.1,29.1,26.3,12.00%,17.45,136.50,121.88,0.00,10.20,114.20,8.43,17.46,0.00,0.00,0.00,408.67,4.87,0.21,,,,,,,,,,0.95,0.975,0.95,0.975,,4.74,4.62,4.74,4.62,4.62,4.51,4.51,4.39,0.22,0.22,0.21,0.22,0.21,0.21,0.21,0.21,0.20
Brock Boeser,VAN,LW/RW,1,84,26.7,33.3,60.1,21.2,193.5,62.8,32.6,10.2,13.8%,18.95,133.50,124.88,0.00,10.60,96.75,18.84,19.56,0.00,0.00,0.00,404.13,4.81,0.18,,,,,,,,,,1.08,1.04,1.02,1.01,,5.00,5.20,4.86,4.91,5.05,5.10,5.25,5.30,0.17,0.17,0.18,0.17,0.17,0.18,0.18,0.18,0.18
Josh Doan,BUF,RW,1,84,25.7,33.0,58.7,20.1,188.2,85.5,36.0,28.7,13.70%,16.55,128.50,123.75,0.00,10.05,94.10,25.65,21.60,0.00,0.00,0.00,403.65,4.81,0.15,,,,,,,,,,0.95,0.975,0.95,0.975,,4.69,4.57,4.69,4.57,4.57,4.45,4.45,4.34,0.16,0.16,0.15,0.16,0.15,0.15,0.15,0.15,0.15
Egor Chinakhov,PIT,LW/RW,2,84,29.2,27.5,56.7,12.5,208.2,61.2,40.0,11.6,14.00%,15.95,146.00,103.13,0.00,6.25,104.10,18.36,24.00,0.00,0.00,0.00,401.84,4.78,0.15,,,,,,,,,,1.08,1.04,1.04,1.02,,4.98,5.17,4.88,4.98,5.07,5.17,5.27,5.37,0.14,0.15,0.15,0.14,0.15,0.15,0.15,0.15,0.16
Cole Hutson,WSH,D,1,84,10.6,35.8,46.4,17.2,151.1,75.5,67.9,42.8,7.0%,19.30,53.00,134.25,0.00,8.60,75.55,22.65,40.74,0.00,0.00,0.00,334.79,3.99,0.14,,,,,,,,,,1,1,1.19,1.095,,3.99,3.99,4.36,4.74,4.36,4.74,4.36,4.74,0.13,0.13,0.13,0.14,0.16,0.14,0.16,0.14,0.16
Ryan Hartman,MIN,C/RW,2,84,25.4,25.4,50.8,11.3,206.2,75.5,78.5,67.3,12.30%,17.00,127.00,95.25,0.00,5.65,103.10,22.65,47.10,0.00,0.00,0.00,400.75,4.77,0.12,,,,,,,,,,1.01,1.005,0.9,0.95,,4.79,4.82,4.53,4.29,4.55,4.32,4.58,4.34,0.13,0.13,0.13,0.12,0.11,0.12,0.12,0.12,0.12
Matvei Michkov,PHI,LW/RW,1,84,26.3,36.7,62.9,19.3,191.9,32.1,23.7,56.5,13.7%,16.00,131.50,137.63,0.00,9.65,95.95,9.63,14.22,0.00,0.00,0.00,398.58,4.74,0.11,,,,,,,,,,1.08,1.04,1.04,1.02,,4.93,5.12,4.84,4.93,5.03,5.13,5.23,5.33,0.10,0.11,0.11,0.10,0.11,0.11,0.11,0.11,0.11
Morgan Rielly,TOR,D,2,84,9.0,31.6,40.6,8.8,156.1,53.0,117.7,28.7,5.80%,21.00,45.00,118.50,0.00,4.40,78.05,15.90,70.62,0.00,0.00,0.00,332.47,3.96,0.10,,,,,,,,,,1,1,0.97,0.985,,3.96,3.96,3.90,3.84,3.90,3.84,3.90,3.84,0.10,0.10,0.10,0.10,0.10,0.10,0.10,0.10,0.10
Mackie Samoskevich,SEA,RW,1,84,23.3,26.0,49.2,16.0,210.0,154.1,41.6,26.5,11.1%,16.90,116.50,97.50,0.00,8.00,105.00,46.23,24.96,0.00,0.00,0.00,398.19,4.74,0.09,,,,,,,,,,0.95,0.975,1,1,,4.62,4.50,4.74,4.74,4.62,4.62,4.50,4.50,0.10,0.09,0.09,0.10,0.10,0.09,0.09,0.09,0.09
Alexander Nikishin,CAR,D,2,84,11.8,24.7,36.5,9.7,143.0,145.1,99.7,36.1,8.30%,19.05,59.00,92.63,0.00,4.85,71.50,43.53,59.82,0.00,0.00,0.00,331.33,3.94,0.09,,,,,,,,,,1,1,1,1,,3.94,3.94,3.94,3.94,3.94,3.94,3.94,3.94,0.09,0.09,0.09,0.09,0.09,0.09,0.09,0.09,0.09
Philip Broberg,STL,D,1,84,9.2,36.1,45.3,15.3,126.8,42.0,111.7,20.2,7.2%,23.55,46.00,135.38,0.00,7.65,63.40,12.60,67.02,0.00,0.00,0.00,332.05,3.95,0.09,,,,,,,,,,1,1,0.81,0.905,,3.95,3.95,3.58,3.20,3.58,3.20,3.58,3.20,0.10,0.10,0.10,0.09,0.08,0.09,0.08,0.09,0.08
Mason McTavish,STL,C,1,84,24.8,33.4,58.2,16.4,185.5,91.6,34.5,45.2,13.40%,17.40,124.00,125.25,0.00,8.20,92.75,27.48,20.70,0.00,0.00,0.00,398.38,4.74,0.09,,,,,,,,,,0.96,0.98,0.81,0.905,,4.65,4.55,4.29,3.84,4.21,3.76,4.12,3.69,0.10,0.10,0.10,0.09,0.08,0.09,0.08,0.09,0.08
Mike Matheson,MTL,D,,84,6.2,30.8,36.9,1.7,130.0,63.3,161.9,45.2,4.80%,24.10,31.00,115.50,0.00,0.85,65.00,18.99,97.14,0.00,0.00,0.00,328.48,3.91,0.06,,,,,,,,,,1,1,1,1,,3.91,3.91,3.91,3.91,3.91,3.91,3.91,3.91,0.06,0.06,0.06,0.06,0.06,0.06,0.06,0.06,0.06
Mattias Samuelsson,BUF,D,,84,9.5,25.0,34.6,0.0,112.0,144.8,146.1,33.6,8.5%,22.85,47.50,93.75,0.00,0.00,56.00,43.44,87.66,0.00,0.00,0.00,328.35,3.91,0.05,,,,,,,,,,1,1,0.95,0.975,,3.91,3.91,3.81,3.71,3.81,3.71,3.81,3.71,0.05,0.05,0.05,0.05,0.05,0.05,0.05,0.05,0.05
Jake Walman,EDM,D,2,84,10.1,23.9,34.1,5.5,156.2,45.2,155.4,24.6,6.50%,19.85,50.50,89.63,0.00,2.75,78.10,13.56,93.24,0.00,0.00,0.00,327.78,3.90,0.05,,,,,,,,,,1,1,1.09,1.045,,3.90,3.90,4.08,4.25,4.08,4.25,4.08,4.25,0.05,0.05,0.05,0.05,0.05,0.05,0.05,0.05,0.05
K'Andre Miller,CAR,D,,84,8.2,33.2,41.4,4.7,132.0,112.2,99.1,52.5,6.2%,22.85,41.00,124.50,0.00,2.35,66.00,33.66,59.46,0.00,0.00,0.00,326.97,3.89,0.04,,,,,,,,,,1,1,1,1,,3.89,3.89,3.89,3.89,3.89,3.89,3.89,3.89,0.04,0.04,0.04,0.04,0.04,0.04,0.04,0.04,0.04
Gavin McKenna,TOR,LW,1,84,20.7,45.1,65.8,19.3,178.7,13.2,28.9,39.0,11.6%,17.20,103.50,169.13,0.00,9.65,89.35,3.96,17.34,0.00,0.00,0.00,392.93,4.68,0.03,,,,,,,,,,1.06,1.03,0.97,0.985,,4.82,4.96,4.61,4.54,4.75,4.67,4.88,4.81,0.03,0.04,0.04,0.03,0.03,0.03,0.03,0.04,0.04
Neal Pionk,WPG,D,2,84,6.3,24.7,31.0,7.5,144.4,170.2,125.5,57.6,4.3%,22.65,31.50,92.63,0.00,3.75,72.20,51.06,75.30,0.00,0.00,0.00,326.44,3.89,0.03,,,,,,,,,,1,1,1.04,1.02,,3.89,3.89,3.96,4.04,3.96,4.04,3.96,4.04,0.03,0.03,0.03,0.03,0.03,0.03,0.03,0.03,0.03
Ryan Nugent-Hopkins,EDM,C/LW,1,84,21.2,41.7,62.9,27.9,171.6,26.1,37.0,27.4,12.30%,18.95,106.00,156.38,0.00,13.95,85.80,7.83,22.20,0.00,0.00,0.00,392.16,4.67,0.03,,,,,,,,,,1.09,1.045,1.09,1.045,,4.88,5.09,4.88,5.09,5.10,5.32,5.32,5.55,0.03,0.03,0.03,0.03,0.03,0.03,0.03,0.03,0.03
Will Cuylle,NYR,LW/RW,2,84,20.2,20.4,40.6,7.5,157.6,308.3,65.6,60.5,12.80%,16.50,101.00,76.50,0.00,3.75,78.80,92.49,39.36,0.00,0.00,0.00,391.90,4.67,0.03,,,,,,,,,,1.08,1.04,1.16,1.08,,4.85,5.04,5.04,5.41,5.24,5.63,5.44,5.84,0.02,0.02,0.02,0.02,0.03,0.03,0.03,0.03,0.03
Carter Verhaeghe,FLA,LW,2,84,27.2,29.2,56.5,9.3,205.1,72.6,27.4,37.4,13.3%,16.35,136.00,109.50,0.00,4.65,102.55,21.78,16.44,0.00,0.00,0.00,390.92,4.65,0.01,,,,,,,,,,1.06,1.03,1,1,,4.79,4.93,4.65,4.65,4.79,4.79,4.93,4.93,0.01,0.01,0.01,0.01,0.01,0.01,0.01,0.01,0.01
Matty Beniers,SEA,C,1,84,20.9,37.8,58.7,17.5,166.2,40.4,67.6,22.3,12.60%,19.75,104.50,141.75,0.00,8.75,83.10,12.12,40.56,0.00,0.00,0.00,390.78,4.65,0.01,,,,,,,,,,0.96,0.98,1,1,,4.56,4.47,4.65,4.65,4.56,4.56,4.47,4.47,0.01,0.01,0.01,0.01,0.01,0.01,0.01,0.01,0.01
Brad Marchand,FLA,LW/RW,2,84,24.6,32.6,57.3,16.5,190.8,78.6,30.3,61.3,12.9%,16.85,123.00,122.25,0.00,8.25,95.40,23.58,18.18,0.00,0.00,0.00,390.66,4.65,0.01,,,,,,,,,,1.08,1.04,1,1,,4.84,5.02,4.65,4.65,4.84,4.84,5.02,5.02,0.01,0.01,0.01,0.01,0.01,0.01,0.01,0.01,0.01
Mikael Granlund,ANA,C/LW,1,84,20.1,40.6,60.6,16.6,161.0,48.6,55.6,20.0,12.5%,19.05,100.50,152.25,0.00,8.30,80.50,14.58,33.36,0.00,0.00,0.00,389.49,4.64,-0.01,,,,,,,,,,1.09,1.045,1.09,1.045,,4.85,5.05,4.85,5.05,5.06,5.28,5.28,5.51,-0.01,-0.01,-0.01,-0.01,-0.01,-0.01,-0.01,-0.01,-0.01
Dylan Strome,WSH,C,1,84,21.1,43.4,64.5,22.8,144.7,15.4,54.4,31.7,14.6%,17.50,105.50,162.75,0.00,11.40,72.35,4.62,32.64,0.00,0.00,0.00,389.26,4.63,-0.01,,,,,,,,,,0.96,0.98,1.19,1.095,,4.54,4.45,5.07,5.51,4.97,5.40,4.87,5.29,-0.01,-0.01,-0.01,-0.01,-0.01,-0.01,-0.01,-0.01,-0.01
Jordan Eberle,SEA,RW,1,84,25.4,32.9,58.3,18.3,185.5,50.1,36.3,27.6,13.7%,18.40,127.00,123.38,0.00,9.15,92.75,15.03,21.78,0.00,0.00,0.00,389.09,4.63,-0.01,,,,,,,,,,0.95,0.975,1,1,,4.52,4.40,4.63,4.63,4.52,4.52,4.40,4.40,-0.01,-0.01,-0.01,-0.01,-0.01,-0.01,-0.01,-0.01,-0.01
Travis Sanheim,PHI,D,,84,7.3,30.0,37.3,3.2,109.2,65.0,161.3,29.6,6.7%,24.00,36.50,112.50,0.00,1.60,54.60,19.50,96.78,0.00,0.00,0.00,321.48,3.83,-0.03,,,,,,,,,,1,1,1.04,1.02,,3.83,3.83,3.90,3.98,3.90,3.98,3.90,3.98,-0.03,-0.03,-0.03,-0.03,-0.03,-0.03,-0.03,-0.03,-0.03
Marco Rossi,VAN,C,1,84,22.8,39.2,62.0,21.2,143.1,59.6,42.0,29.0,15.90%,18.35,114.00,147.00,0.00,10.60,71.55,17.88,25.20,0.00,0.00,0.00,386.23,4.60,-0.04,,,,,,,,,,0.96,0.98,1.02,1.01,,4.51,4.41,4.64,4.69,4.55,4.60,4.46,4.50,-0.05,-0.04,-0.04,-0.05,-0.05,-0.04,-0.05,-0.04,-0.04
Sean Durzi,NYR,D,2,84,9.3,31.2,40.6,8.2,124.6,50.4,124.0,51.7,7.5%,20.10,46.50,117.00,0.00,4.10,62.30,15.12,74.40,0.00,0.00,0.00,319.42,3.80,-0.06,,,,,,,,,,1,1,1.16,1.08,,3.80,3.80,4.11,4.41,4.11,4.41,4.11,4.41,-0.05,-0.05,-0.05,-0.06,-0.06,-0.06,-0.06,-0.06,-0.06
Simon Nemec,CGY,D,2,84,11.1,27.8,38.9,12.6,137.0,32.4,123.8,40.1,8.10%,22.00,55.50,104.25,0.00,6.30,68.50,9.72,74.28,0.00,0.00,0.00,318.55,3.79,-0.06,,,,,,,,,,1,1,0.95,0.975,,3.79,3.79,3.70,3.60,3.70,3.60,3.70,3.60,-0.06,-0.06,-0.06,-0.06,-0.06,-0.06,-0.06,-0.06,-0.06
Mattias Ekholm,EDM,D,2,84,6.7,32.0,38.8,4.5,144.6,63.1,119.3,35.4,4.6%,21.35,33.50,120.00,0.00,2.25,72.30,18.93,71.58,0.00,0.00,0.00,318.56,3.79,-0.07,,,,,,,,,,1,1,1.09,1.045,,3.79,3.79,3.96,4.13,3.96,4.13,3.96,4.13,-0.06,-0.06,-0.06,-0.07,-0.07,-0.07,-0.07,-0.07,-0.07
Shane Pinto,OTT,C,2,84,24.1,28.2,52.3,7.2,175.7,97.4,61.6,41.5,13.7%,18.50,120.50,105.75,0.00,3.60,87.85,29.22,36.96,0.00,0.00,0.00,383.88,4.57,-0.07,,,,,,,,,,0.96,0.98,0.97,0.985,,4.48,4.39,4.50,4.43,4.41,4.34,4.32,4.26,-0.07,-0.07,-0.07,-0.07,-0.07,-0.07,-0.07,-0.07,-0.07
Ivan Barbashev,VGK,LW,2,84,24.7,33.4,58.1,5.2,132.4,144.1,38.6,23.6,18.7%,16.30,123.50,125.25,0.00,2.60,66.20,43.23,23.16,0.00,0.00,0.00,383.94,4.57,-0.07,,,,,,,,,,1.06,1.03,1,1,,4.71,4.84,4.57,4.57,4.71,4.71,4.84,4.84,-0.07,-0.07,-0.08,-0.07,-0.07,-0.07,-0.07,-0.08,-0.08
Artturi Lehkonen,COL,LW/RW,2,84,25.3,31.6,56.9,7.4,186.3,57.8,41.9,20.7,13.6%,18.15,126.50,118.50,0.00,3.70,93.15,17.34,25.14,0.00,0.00,0.00,384.33,4.58,-0.08,,,,,,,,,,1.08,1.04,1.14,1.07,,4.76,4.94,4.90,5.22,5.09,5.42,5.29,5.63,-0.07,-0.07,-0.07,-0.07,-0.08,-0.08,-0.08,-0.08,-0.08
Frank Nazar,CHI,C,1,84,21.5,34.1,55.6,15.7,185.2,48.5,55.6,30.4,11.60%,18.30,107.50,127.88,0.00,7.85,92.60,14.55,33.36,0.00,0.00,0.00,383.74,4.57,-0.08,,,,,,,,,,0.96,0.98,1.09,1.045,,4.48,4.39,4.77,4.98,4.68,4.88,4.58,4.78,-0.07,-0.07,-0.07,-0.08,-0.08,-0.08,-0.08,-0.08,-0.08
Zach Benson,BUF,LW,1,84,20.9,39.7,60.5,13.0,174.8,57.3,30.1,53.3,11.90%,17.55,104.50,148.88,0.00,6.50,87.40,17.19,18.06,0.00,0.00,0.00,382.53,4.55,-0.09,,,,,,,,,,1.06,1.03,0.95,0.975,,4.69,4.83,4.44,4.33,4.57,4.46,4.71,4.59,-0.09,-0.09,-0.09,-0.09,-0.08,-0.09,-0.09,-0.09,-0.09
JJ Peterka,BOS,LW/RW,1,84,30.1,28.6,58.7,15.3,196.0,22.6,20.5,20.5,15.30%,17.16,150.50,107.25,0.00,7.65,98.00,6.78,12.30,0.00,0.00,0.00,382.48,4.55,-0.09,,,,,,,,,,1.08,1.04,0.93,0.965,,4.74,4.92,4.39,4.23,4.57,4.40,4.75,4.57,-0.09,-0.09,-0.10,-0.09,-0.08,-0.09,-0.09,-0.09,-0.09
Jacob Trouba,SJS,D,,84,4.2,19.7,23.9,0.0,114.8,164.2,188.9,55.9,3.7%,22.10,21.00,73.88,0.00,0.00,57.40,49.26,113.34,0.00,0.00,0.00,314.88,3.75,-0.11,,,,,,,,,,1,1,1.09,1.045,,3.75,3.75,3.92,4.09,3.92,4.09,3.92,4.09,-0.11,-0.11,-0.11,-0.11,-0.12,-0.11,-0.12,-0.11,-0.12
Jackson Blake,CAR,RW,1,84,24.0,34.7,58.7,15.0,190.0,17.9,35.8,34.8,12.6%,16.70,120.00,130.13,0.00,7.50,95.00,5.37,21.48,0.00,0.00,0.00,379.48,4.52,-0.12,,,,,,,,,,0.95,0.975,1,1,,4.40,4.29,4.52,4.52,4.40,4.40,4.29,4.29,-0.13,-0.12,-0.12,-0.13,-0.13,-0.12,-0.12,-0.12,-0.12
Alex Laferriere,LAK,C/LW/RW,2,84,20.4,21.4,41.8,5.5,202.8,211.5,49.7,27.4,10.1%,17.80,102.00,80.25,0.00,2.75,101.40,63.45,29.82,0.00,0.00,0.00,379.67,4.52,-0.13,,,,,,,,,,1.13,1.065,0.97,0.985,,4.81,5.11,4.45,4.38,4.74,4.67,5.03,4.95,-0.12,-0.13,-0.14,-0.12,-0.12,-0.13,-0.13,-0.14,-0.14
Luke Evangelista,NSH,LW/RW,1,84,17.3,42.0,59.3,18.4,196.0,36.7,26.5,30.6,8.8%,17.15,86.50,157.50,0.00,9.20,98.00,11.01,15.90,0.00,0.00,0.00,378.11,4.50,-0.13,,,,,,,,,,1.08,1.04,0.76,0.88,,4.68,4.86,3.96,3.42,4.12,3.56,4.28,3.69,-0.14,-0.15,-0.15,-0.12,-0.11,-0.13,-0.11,-0.13,-0.12
Noah Hanifin,VGK,D,,84,8.2,24.8,33.1,6.1,168.2,49.9,127.1,17.8,4.9%,22.60,41.00,93.00,0.00,3.05,84.10,14.97,76.26,0.00,0.00,0.00,312.38,3.72,-0.14,,,,,,,,,,1,1,1,1,,3.72,3.72,3.72,3.72,3.72,3.72,3.72,3.72,-0.14,-0.14,-0.14,-0.14,-0.14,-0.14,-0.14,-0.14,-0.14
Morgan Frost,CGY,C,1,84,24.0,30.5,54.5,19.5,168.6,67.1,47.7,28.0,14.3%,17.15,120.00,114.38,0.00,9.75,84.30,20.13,28.62,0.00,0.00,0.00,377.18,4.49,-0.15,,,,,,,,,,0.96,0.98,0.95,0.975,,4.40,4.31,4.38,4.27,4.29,4.18,4.20,4.10,-0.15,-0.15,-0.15,-0.15,-0.15,-0.15,-0.14,-0.14,-0.14
Anthony Mantha,NJD,LW/RW,2,84,29.3,25.0,54.4,12.7,173.9,65.3,39.2,42.7,16.90%,16.25,146.50,93.75,0.00,6.35,86.95,19.59,23.52,0.00,0.00,0.00,376.66,4.48,-0.16,,,,,,,,,,1.08,1.04,0.93,0.965,,4.66,4.84,4.33,4.17,4.50,4.34,4.67,4.50,-0.16,-0.17,-0.17,-0.15,-0.15,-0.16,-0.15,-0.17,-0.16
Luca Cagnoni,SJS,D,1,84,7.0,29.2,36.2,13.3,166.8,64.7,94.7,48.7,4.20%,19.05,35.00,109.50,0.00,6.65,83.40,19.41,56.82,0.00,0.00,0.00,310.78,3.70,-0.16,,,,,,,,,,1,1,1.09,1.045,,3.70,3.70,3.87,4.03,3.87,4.03,3.87,4.03,-0.16,-0.16,-0.16,-0.16,-0.17,-0.16,-0.17,-0.16,-0.17
Anthony Cirelli,TBL,C,2,84,24.1,31.5,55.7,5.2,157.8,55.3,62.8,38.3,15.30%,18.15,120.50,118.13,0.00,2.60,78.90,16.59,37.68,0.00,0.00,0.00,374.40,4.46,-0.17,,,,,,,,,,0.96,0.98,0.83,0.915,,4.37,4.28,4.08,3.70,4.00,3.63,3.92,3.55,-0.19,-0.18,-0.18,-0.17,-0.15,-0.17,-0.15,-0.16,-0.15
Cole Perfetti,WPG,LW/RW,1,84,21.2,33.9,55.1,18.3,173.9,70.5,43.9,24.5,12.2%,16.70,106.00,127.13,0.00,9.15,86.95,21.15,26.34,0.00,0.00,0.00,376.72,4.48,-0.17,,,,,,,,,,1.08,1.04,1.04,1.02,,4.66,4.84,4.57,4.66,4.76,4.85,4.94,5.04,-0.16,-0.16,-0.17,-0.16,-0.16,-0.17,-0.17,-0.17,-0.18
Anton Frondell,CHI,C,1,84,23.9,27.4,51.4,14.8,207.1,47.8,44.3,30.0,11.60%,15.90,119.50,102.75,0.00,7.40,103.55,14.34,26.58,0.00,0.00,0.00,374.12,4.45,-0.19,,,,,,,,,,0.96,0.98,1.09,1.045,,4.36,4.28,4.65,4.85,4.56,4.76,4.47,4.66,-0.19,-0.19,-0.18,-0.20,-0.21,-0.19,-0.20,-0.19,-0.20
Tyson Foerster,PHI,LW/RW,2,84,27.5,21.4,49.0,11.7,176.1,78.5,64.4,38.5,15.60%,17.35,137.50,80.25,0.00,5.85,88.05,23.55,38.64,0.00,0.00,0.00,373.84,4.45,-0.20,,,,,,,,,,1.08,1.04,1.04,1.02,,4.63,4.81,4.54,4.63,4.72,4.81,4.90,5.00,-0.19,-0.20,-0.21,-0.20,-0.20,-0.20,-0.21,-0.21,-0.22
Jake DeBrusk,VAN,LW/RW,1,84,25.2,21.3,46.5,20.8,222.5,68.2,42.5,15.7,11.30%,17.35,126.00,79.88,0.00,10.40,111.25,20.46,25.50,0.00,0.00,0.00,373.49,4.45,-0.21,,,,,,,,,,1.08,1.04,1.02,1.01,,4.62,4.80,4.49,4.54,4.67,4.72,4.85,4.90,-0.20,-0.20,-0.21,-0.20,-0.20,-0.21,-0.21,-0.21,-0.22
Aaron Ekblad,FLA,D,2,84,6.0,29.0,35.0,7.8,138.7,107.8,102.4,70.9,4.3%,22.15,30.00,108.75,0.00,3.90,69.35,32.34,61.44,0.00,0.00,0.00,305.78,3.64,-0.22,,,,,,,,,,1,1,1,1,,3.64,3.64,3.64,3.64,3.64,3.64,3.64,3.64,-0.22,-0.22,-0.22,-0.22,-0.22,-0.22,-0.22,-0.22,-0.22
Connor McMichael,STL,C/LW,2,84,20.0,36.4,56.3,10.9,174.0,46.0,45.6,31.3,11.50%,17.55,100.00,136.50,0.00,5.45,87.00,13.80,27.36,0.00,0.00,0.00,370.11,4.41,-0.22,,,,,,,,,,1.09,1.045,0.81,0.905,,4.60,4.80,3.99,3.57,4.17,3.73,4.35,3.89,-0.24,-0.25,-0.26,-0.21,-0.19,-0.22,-0.20,-0.23,-0.21
Jack Quinn,BUF,RW,2,84,22.6,32.1,54.7,13.2,196.4,51.2,27.5,17.1,11.50%,16.05,113.00,120.38,0.00,6.60,98.20,15.36,16.50,0.00,0.00,0.00,370.04,4.41,-0.23,,,,,,,,,,0.95,0.975,0.95,0.975,,4.30,4.18,4.30,4.18,4.19,4.08,4.08,3.98,-0.24,-0.23,-0.23,-0.23,-0.23,-0.23,-0.22,-0.22,-0.21
Jamie Drysdale,PHI,D,1,84,10.0,31.9,41.9,14.4,118.8,22.6,103.0,27.8,8.40%,21.75,50.00,119.63,0.00,7.20,59.40,6.78,61.80,0.00,0.00,0.00,304.81,3.63,-0.23,,,,,,,,,,1,1,1.04,1.02,,3.63,3.63,3.70,3.77,3.70,3.77,3.70,3.77,-0.23,-0.23,-0.23,-0.23,-0.24,-0.23,-0.24,-0.23,-0.24
Kris Letang,PIT,D,2,84,5.9,29.0,34.9,9.5,111.0,112.5,119.0,47.7,5.3%,22.00,29.50,108.75,0.00,4.75,55.50,33.75,71.40,0.00,0.00,0.00,303.65,3.61,-0.25,,,,,,,,,,1,1,1.04,1.02,,3.61,3.61,3.69,3.76,3.69,3.76,3.69,3.76,-0.24,-0.24,-0.24,-0.25,-0.25,-0.25,-0.25,-0.25,-0.25
Devon Toews,COL,D,,84,8.2,30.9,39.1,3.0,139.2,41.5,106.5,25.2,5.90%,22.70,41.00,115.88,0.00,1.50,69.60,12.45,63.90,0.00,0.00,0.00,304.33,3.62,-0.25,,,,,,,,,,1,1,1.14,1.07,,3.62,3.62,3.88,4.13,3.88,4.13,3.88,4.13,-0.23,-0.23,-0.23,-0.25,-0.26,-0.25,-0.26,-0.25,-0.26
Ryan Leonard,WSH,RW,2,84,24.3,24.4,48.6,13.5,180.8,138.0,31.5,47.7,13.4%,15.55,121.50,91.50,0.00,6.75,90.40,41.40,18.90,0.00,0.00,0.00,370.45,4.41,-0.25,,,,,,,,,,0.95,0.975,1.19,1.095,,4.30,4.19,4.83,5.25,4.71,5.12,4.59,4.99,-0.23,-0.23,-0.22,-0.26,-0.28,-0.25,-0.27,-0.24,-0.26
Blake Coleman,MIN,C/LW,2,84,21.6,24.0,45.6,5.0,197.0,130.6,51.0,48.0,10.90%,17.05,108.00,90.00,0.00,2.50,98.50,39.18,30.60,0.00,0.00,0.00,368.78,4.39,-0.25,,,,,,,,,,1.09,1.045,0.9,0.95,,4.59,4.79,4.17,3.95,4.36,4.13,4.55,4.31,-0.25,-0.26,-0.28,-0.24,-0.23,-0.25,-0.24,-0.26,-0.25
Colton Parayko,STL,D,,84,5.9,17.8,23.8,0.0,124.2,110.6,181.5,23.7,4.80%,22.10,29.50,66.75,0.00,0.00,62.10,33.18,108.90,0.00,0.00,0.00,300.43,3.58,-0.25,,,,,,,,,,1,1,0.81,0.905,,3.58,3.58,3.24,2.90,3.24,2.90,3.24,2.90,-0.28,-0.28,-0.28,-0.25,-0.23,-0.25,-0.23,-0.25,-0.23
Zayne Parekh,CGY,D,1,84,9.7,33.1,42.8,16.7,121.3,33.9,79.1,24.9,8.00%,18.95,48.50,124.13,0.00,8.35,60.65,10.17,47.46,0.00,0.00,0.00,299.26,3.56,-0.29,,,,,,,,,,1,1,0.95,0.975,,3.56,3.56,3.47,3.38,3.47,3.38,3.47,3.38,-0.29,-0.29,-0.29,-0.29,-0.28,-0.29,-0.28,-0.29,-0.28
Tyler Bertuzzi,CHI,LW/RW,1,84,28.3,25.2,53.5,20.8,173.3,60.6,26.8,44.4,16.4%,17.85,141.50,94.50,0.00,10.40,86.65,18.18,16.08,0.00,0.00,0.00,367.31,4.37,-0.29,,,,,,,,,,1.08,1.04,1.09,1.045,,4.55,4.72,4.57,4.77,4.75,4.96,4.94,5.15,-0.27,-0.28,-0.29,-0.28,-0.29,-0.29,-0.31,-0.31,-0.32
Charlie Coyle,CBJ,C,2,84,16.1,37.8,53.9,9.4,137.8,108.0,57.1,17.8,11.7%,18.15,80.50,141.75,0.00,4.70,68.90,32.40,34.26,0.00,0.00,0.00,362.51,4.32,-0.31,,,,,,,,,,0.96,0.98,0.9,0.95,,4.23,4.14,4.10,3.88,4.02,3.81,3.94,3.73,-0.33,-0.32,-0.31,-0.31,-0.29,-0.31,-0.29,-0.30,-0.28
Jonathan Huberdeau,CGY,LW/RW,1,84,19.4,35.8,55.2,18.3,157.5,54.9,48.5,48.7,12.30%,18.40,97.00,134.25,0.00,9.15,78.75,16.47,29.10,0.00,0.00,0.00,364.72,4.34,-0.31,,,,,,,,,,1.08,1.04,0.95,0.975,,4.52,4.69,4.23,4.12,4.40,4.29,4.57,4.45,-0.30,-0.31,-0.33,-0.29,-0.29,-0.31,-0.30,-0.32,-0.31
Kyle Palmieri,NYI,RW,2,84,22.6,26.9,49.5,13.4,199.0,67.0,36.3,23.1,11.3%,17.55,113.00,100.88,0.00,6.70,99.50,20.10,21.78,0.00,0.00,0.00,361.96,4.31,-0.31,,,,,,,,,,0.95,0.975,0.9,0.95,,4.20,4.09,4.09,3.88,3.99,3.78,3.89,3.68,-0.33,-0.33,-0.32,-0.32,-0.30,-0.31,-0.29,-0.30,-0.29
Pavel Mintyukov,ANA,D,2,84,8.9,23.9,32.8,6.5,112.4,81.1,134.4,24.3,8.0%,21.05,44.50,89.63,0.00,3.25,56.20,24.33,80.64,0.00,0.00,0.00,298.55,3.55,-0.31,,,,,,,,,,1,1,1.09,1.045,,3.55,3.55,3.71,3.87,3.71,3.87,3.71,3.87,-0.30,-0.30,-0.30,-0.31,-0.33,-0.31,-0.33,-0.31,-0.33
Jordan Spence,OTT,D,,84,8.2,29.3,37.5,4.6,129.5,81.1,91.0,24.1,6.30%,21.00,41.00,109.88,0.00,2.30,64.75,24.33,54.60,0.00,0.00,0.00,296.86,3.53,-0.32,,,,,,,,,,1,1,0.97,0.985,,3.53,3.53,3.48,3.43,3.48,3.43,3.48,3.43,-0.32,-0.32,-0.32,-0.32,-0.31,-0.32,-0.31,-0.32,-0.31
Simon Edvinsson,DET,D,,84,7.5,20.6,28.1,0.0,98.6,106.9,169.4,75.6,7.60%,22.30,37.50,77.25,0.00,0.00,49.30,32.07,101.64,0.00,0.00,0.00,297.76,3.54,-0.32,,,,,,,,,,1,1,1.07,1.035,,3.54,3.54,3.67,3.79,3.67,3.79,3.67,3.79,-0.31,-0.31,-0.31,-0.32,-0.33,-0.32,-0.33,-0.32,-0.33
Kiefer Sherwood,SJS,LW/RW,,84,19.0,12.9,31.9,3.3,171.5,379.9,31.8,57.4,11.10%,15.70,95.00,48.38,0.00,1.65,85.75,113.97,19.08,0.00,0.00,0.00,363.83,4.33,-0.34,,,,,,,,,,1.08,1.04,1.09,1.045,,4.50,4.68,4.53,4.72,4.71,4.91,4.89,5.10,-0.31,-0.32,-0.34,-0.33,-0.34,-0.34,-0.35,-0.35,-0.37
Charle-Edouard D'Astous,TBL,D,2,84,6.1,30.3,36.3,3.9,106.1,121.5,94.8,106.7,5.7%,19.80,30.50,113.63,0.00,1.95,53.05,36.45,56.88,0.00,0.00,0.00,292.46,3.48,-0.34,,,,,,,,,,1,1,0.83,0.915,,3.48,3.48,3.19,2.89,3.19,2.89,3.19,2.89,-0.37,-0.37,-0.37,-0.34,-0.31,-0.34,-0.31,-0.34,-0.31
Zeev Buium,VAN,D,1,84,7.8,37.3,45.2,17.6,106.3,39.8,70.2,53.8,7.40%,21.55,39.00,139.88,0.00,8.80,53.15,11.94,42.12,0.00,0.00,0.00,294.89,3.51,-0.35,,,,,,,,,,1,1,1.02,1.01,,3.51,3.51,3.55,3.58,3.55,3.58,3.55,3.58,-0.34,-0.34,-0.34,-0.35,-0.35,-0.35,-0.35,-0.35,-0.35
Justin Faulk,DET,D,2,84,5.6,26.6,32.2,5.7,147.9,88.8,107.3,33.9,3.8%,20.85,28.00,99.75,0.00,2.85,73.95,26.64,64.38,0.00,0.00,0.00,295.57,3.52,-0.35,,,,,,,,,,1,1,1.07,1.035,,3.52,3.52,3.64,3.76,3.64,3.76,3.64,3.76,-0.34,-0.34,-0.34,-0.35,-0.36,-0.35,-0.36,-0.35,-0.36
Brayden Schenn,NYI,C/LW,2,84,19.6,27.9,47.5,10.7,138.9,182.0,47.5,47.5,14.10%,16.95,98.00,104.63,0.00,5.35,69.45,54.60,28.50,0.00,0.00,0.00,360.53,4.29,-0.35,,,,,,,,,,1.09,1.045,0.9,0.95,,4.49,4.68,4.08,3.86,4.26,4.04,4.44,4.21,-0.35,-0.37,-0.38,-0.33,-0.32,-0.35,-0.33,-0.36,-0.34
Cam York,PHI,D,2,84,6.3,25.5,31.8,8.9,106.4,39.8,161.9,34.6,5.9%,22.60,31.50,95.63,0.00,4.45,53.20,11.94,97.14,0.00,0.00,0.00,293.86,3.50,-0.36,,,,,,,,,,1,1,1.04,1.02,,3.50,3.50,3.57,3.64,3.57,3.64,3.57,3.64,-0.36,-0.36,-0.36,-0.36,-0.37,-0.36,-0.37,-0.36,-0.37
Aliaksei Protas,WSH,LW/RW,,84,28.8,24.5,53.3,2.5,178.0,40.1,41.6,20.5,16.2%,17.75,144.00,91.88,0.00,1.25,89.00,12.03,24.96,0.00,0.00,0.00,363.12,4.32,-0.36,,,,,,,,,,1.08,1.04,1.19,1.095,,4.50,4.67,4.73,5.14,4.92,5.35,5.11,5.56,-0.32,-0.33,-0.35,-0.35,-0.38,-0.36,-0.40,-0.38,-0.41
Dmitry Orlov,SJS,D,2,84,5.5,31.5,37.0,15.5,117.1,117.6,77.4,37.5,4.7%,21.70,27.50,118.13,0.00,7.75,58.55,35.28,46.44,0.00,0.00,0.00,293.65,3.50,-0.38,,,,,,,,,,1,1,1.09,1.045,,3.50,3.50,3.65,3.81,3.65,3.81,3.65,3.81,-0.36,-0.36,-0.36,-0.38,-0.39,-0.38,-0.39,-0.38,-0.39
Gustav Forsling,FLA,D,,84,8.7,22.4,31.1,1.5,163.2,72.6,99.8,43.8,5.30%,22.60,43.50,84.00,0.00,0.75,81.60,21.78,59.88,0.00,0.00,0.00,291.51,3.47,-0.38,,,,,,,,,,1,1,1,1,,3.47,3.47,3.47,3.47,3.47,3.47,3.47,3.47,-0.38,-0.38,-0.38,-0.38,-0.38,-0.38,-0.38,-0.38,-0.38
Tony DeAngelo,NYI,D,2,84,7.2,29.6,36.9,8.4,158.4,36.8,80.6,49.0,4.60%,19.05,36.00,111.00,0.00,4.20,79.20,11.04,48.36,0.00,0.00,0.00,289.80,3.45,-0.39,,,,,,,,,,1,1,0.9,0.95,,3.45,3.45,3.28,3.11,3.28,3.11,3.28,3.11,-0.41,-0.41,-0.41,-0.39,-0.36,-0.39,-0.36,-0.39,-0.36
Olen Zellweger,BUF,D,2,84,10.1,22.7,32.7,6.8,151.2,41.8,105.7,39.3,6.7%,19.05,50.50,85.13,0.00,3.40,75.60,12.54,63.42,0.00,0.00,0.00,290.59,3.46,-0.39,,,,,,,,,,1,1,0.95,0.975,,3.46,3.46,3.37,3.29,3.37,3.29,3.37,3.29,-0.40,-0.40,-0.40,-0.39,-0.38,-0.39,-0.38,-0.39,-0.38
Mavrik Bourque,NSH,C/RW,2,84,21.0,31.5,52.4,13.9,160.8,86.3,28.1,20.2,13.00%,17.00,105.00,118.13,0.00,6.95,80.40,25.89,16.86,0.00,0.00,0.00,353.23,4.21,-0.39,,,,,,,,,,1.01,1.005,0.76,0.88,,4.23,4.25,3.70,3.20,3.72,3.21,3.74,3.23,-0.44,-0.44,-0.44,-0.39,-0.33,-0.39,-0.33,-0.39,-0.34
Matt Duchene,DAL,C/RW,2,84,20.7,37.9,58.6,16.9,147.2,29.8,31.8,13.9,14.10%,16.65,103.50,142.13,0.00,8.45,73.60,8.94,19.08,0.00,0.00,0.00,355.70,4.23,-0.42,,,,,,,,,,1.01,1.005,1.04,1.02,,4.26,4.28,4.32,4.40,4.34,4.43,4.36,4.45,-0.41,-0.41,-0.41,-0.42,-0.43,-0.42,-0.43,-0.42,-0.43
Elias Lindholm,BOS,C,1,84,18.1,32.4,50.5,17.5,139.0,75.7,66.3,20.4,13.0%,17.65,90.50,121.50,0.00,8.75,69.50,22.71,39.78,0.00,0.00,0.00,352.74,4.20,-0.42,,,,,,,,,,0.96,0.98,0.93,0.965,,4.12,4.03,4.05,3.91,3.97,3.83,3.89,3.75,-0.44,-0.44,-0.43,-0.43,-0.41,-0.42,-0.40,-0.41,-0.40
Brady Skjei,NSH,D,2,84,7.5,24.8,32.3,4.7,143.3,69.1,96.5,41.2,5.30%,22.60,37.50,93.00,0.00,2.35,71.65,20.73,57.90,0.00,0.00,0.00,283.13,3.37,-0.43,,,,,,,,,,1,1,0.76,0.88,,3.37,3.37,2.97,2.56,2.97,2.56,2.97,2.56,-0.48,-0.48,-0.48,-0.43,-0.37,-0.43,-0.37,-0.43,-0.37
Owen Power,BUF,D,,84,9.3,24.6,33.9,3.1,133.9,34.8,114.9,16.1,7.0%,22.20,46.50,92.25,0.00,1.55,66.95,10.44,68.94,0.00,0.00,0.00,286.63,3.41,-0.43,,,,,,,,,,1,1,0.95,0.975,,3.41,3.41,3.33,3.24,3.33,3.24,3.33,3.24,-0.44,-0.44,-0.44,-0.43,-0.42,-0.43,-0.42,-0.43,-0.42
Taylor Hall,CAR,LW,2,84,21.9,31.3,53.1,9.2,172.4,52.5,34.1,37.5,12.7%,15.15,109.50,117.38,0.00,4.60,86.20,15.75,20.46,0.00,0.00,0.00,353.89,4.21,-0.44,,,,,,,,,,1.06,1.03,1,1,,4.34,4.47,4.21,4.21,4.34,4.34,4.47,4.47,-0.43,-0.44,-0.46,-0.43,-0.43,-0.44,-0.44,-0.46,-0.46
Emil Heineman,NYI,LW/RW,2,84,23.2,12.7,35.9,6.9,175.3,224.3,49.3,23.0,13.2%,16.20,116.00,47.63,0.00,3.45,87.65,67.29,29.58,0.00,0.00,0.00,351.60,4.19,-0.45,,,,,,,,,,1.08,1.04,0.9,0.95,,4.35,4.52,3.98,3.77,4.14,3.92,4.29,4.07,-0.46,-0.48,-0.49,-0.43,-0.41,-0.45,-0.43,-0.47,-0.44
Vasily Podkolzin,EDM,LW/RW,2,84,17.4,23.0,40.4,3.9,145.5,244.2,55.4,55.2,11.9%,15.90,87.00,86.25,0.00,1.95,72.75,73.26,33.24,0.00,0.00,0.00,354.45,4.22,-0.46,,,,,,,,,,1.08,1.04,1.09,1.045,,4.39,4.56,4.41,4.60,4.59,4.78,4.76,4.97,-0.42,-0.44,-0.46,-0.44,-0.46,-0.46,-0.48,-0.48,-0.50
Drew Doughty,LAK,D,2,84,8.0,24.3,32.3,4.6,121.9,78.9,110.8,52.8,6.6%,23.05,40.00,91.13,0.00,2.30,60.95,23.67,66.48,0.00,0.00,0.00,284.53,3.39,-0.46,,,,,,,,,,1,1,0.97,0.985,,3.39,3.39,3.34,3.29,3.34,3.29,3.34,3.29,-0.47,-0.47,-0.47,-0.46,-0.45,-0.46,-0.45,-0.46,-0.45
Adam Larsson,SEA,D,,84,6.4,18.1,24.5,0.0,109.8,123.3,155.3,39.1,5.9%,21.40,32.00,67.88,0.00,0.00,54.90,36.99,93.18,0.00,0.00,0.00,284.95,3.39,-0.46,,,,,,,,,,1,1,1,1,,3.39,3.39,3.39,3.39,3.39,3.39,3.39,3.39,-0.46,-0.46,-0.46,-0.46,-0.46,-0.46,-0.46,-0.46,-0.46
Pierre-Luc Dubois,WSH,C/LW,2,84,18.3,36.3,54.6,12.3,143.6,68.7,49.7,65.4,12.7%,16.80,91.50,136.13,0.00,6.15,71.80,20.61,29.82,0.00,0.00,0.00,356.01,4.24,-0.46,,,,,,,,,,1.09,1.045,1.19,1.095,,4.43,4.62,4.64,5.04,4.85,5.27,5.06,5.50,-0.41,-0.42,-0.44,-0.44,-0.48,-0.46,-0.50,-0.48,-0.53
Logan Stankoven,CAR,C/RW,2,84,23.6,27.5,51.1,9.9,187.1,53.5,25.8,22.0,12.6%,15.85,118.00,103.13,0.00,4.95,93.55,16.05,15.48,0.00,0.00,0.00,351.16,4.18,-0.47,,,,,,,,,,1.01,1.005,1,1,,4.20,4.22,4.18,4.18,4.20,4.20,4.22,4.22,-0.46,-0.47,-0.47,-0.46,-0.46,-0.47,-0.47,-0.47,-0.47
Esa Lindell,DAL,D,,84,5.3,23.4,28.7,1.5,95.0,50.1,180.0,19.4,5.5%,22.80,26.50,87.75,0.00,0.75,47.50,15.03,108.00,0.00,0.00,0.00,285.53,3.40,-0.47,,,,,,,,,,1,1,1.04,1.02,,3.40,3.40,3.47,3.54,3.47,3.54,3.47,3.54,-0.46,-0.46,-0.46,-0.47,-0.47,-0.47,-0.47,-0.47,-0.47
Ivan Provorov,CBJ,D,2,84,6.6,24.0,30.6,4.5,126.7,37.9,137.2,31.3,5.2%,24.15,33.00,90.00,0.00,2.25,63.35,11.37,82.32,0.00,0.00,0.00,282.29,3.36,-0.47,,,,,,,,,,1,1,0.9,0.95,,3.36,3.36,3.19,3.02,3.19,3.02,3.19,3.02,-0.49,-0.49,-0.49,-0.47,-0.45,-0.47,-0.45,-0.47,-0.45
Logan Mailloux,STL,D,2,84,7.0,21.0,28.0,8.0,135.9,149.5,82.7,79.7,5.1%,20.65,35.00,78.75,0.00,4.00,67.95,44.85,49.62,0.00,0.00,0.00,280.17,3.34,-0.47,,,,,,,,,,1,1,0.81,0.905,,3.34,3.34,3.02,2.70,3.02,2.70,3.02,2.70,-0.52,-0.52,-0.52,-0.47,-0.42,-0.47,-0.42,-0.47,-0.42
Anders Lee,UTA,LW,2,84,24.1,20.1,44.1,10.1,199.1,103.3,35.6,42.4,12.10%,15.90,120.50,75.38,0.00,5.05,99.55,30.99,21.36,0.00,0.00,0.00,352.83,4.20,-0.48,,,,,,,,,,1.06,1.03,1.12,1.06,,4.33,4.45,4.45,4.70,4.59,4.85,4.72,4.99,-0.44,-0.46,-0.47,-0.47,-0.50,-0.48,-0.51,-0.50,-0.53
Denton Mateychuk,CBJ,D,,84,11.2,25.3,36.5,6.4,105.3,32.1,107.1,14.9,10.6%,20.60,56.00,94.88,0.00,3.20,52.65,9.63,64.26,0.00,0.00,0.00,280.62,3.34,-0.49,,,,,,,,,,1,1,0.9,0.95,,3.34,3.34,3.17,3.01,3.17,3.01,3.17,3.01,-0.51,-0.51,-0.51,-0.49,-0.46,-0.49,-0.46,-0.49,-0.46
Chris Kreider,ANA,LW,1,84,22.3,30.4,52.7,17.0,155.8,82.6,25.2,30.3,14.30%,16.70,111.50,114.00,0.00,8.50,77.90,24.78,15.12,0.00,0.00,0.00,351.80,4.19,-0.49,,,,,,,,,,1.06,1.03,1.09,1.045,,4.31,4.44,4.38,4.57,4.51,4.70,4.64,4.84,-0.46,-0.47,-0.48,-0.48,-0.50,-0.49,-0.51,-0.50,-0.53
Brayden McNabb,VGK,D,,84,5.2,12.3,17.6,0.0,101.7,135.2,197.1,35.6,5.2%,20.60,26.00,46.13,0.00,0.00,50.85,40.56,118.26,0.00,0.00,0.00,281.80,3.35,-0.50,,,,,,,,,,1,1,1,1,,3.35,3.35,3.35,3.35,3.35,3.35,3.35,3.35,-0.50,-0.50,-0.50,-0.50,-0.50,-0.50,-0.50,-0.50,-0.50
Nikita Zadorov,BOS,D,,84,4.5,17.8,22.2,0.0,113.7,219.6,109.2,144.3,3.9%,20.95,22.50,66.75,0.00,0.00,56.85,65.88,65.52,0.00,0.00,0.00,277.50,3.30,-0.53,,,,,,,,,,1,1,0.93,0.965,,3.30,3.30,3.19,3.07,3.19,3.07,3.19,3.07,-0.55,-0.55,-0.55,-0.53,-0.51,-0.53,-0.51,-0.53,-0.51
Pavel Zacha,BOS,C/LW,2,84,21.3,32.8,54.1,16.9,135.0,78.1,27.7,18.9,15.7%,16.90,106.50,123.00,0.00,8.45,67.50,23.43,16.62,0.00,0.00,0.00,345.50,4.11,-0.53,,,,,,,,,,1.09,1.045,0.93,0.965,,4.30,4.48,3.97,3.83,4.15,4.00,4.33,4.17,-0.53,-0.55,-0.58,-0.51,-0.49,-0.53,-0.52,-0.56,-0.54
Mason Marchment,SJS,LW,2,84,20.7,30.1,50.8,7.2,152.9,106.1,33.1,63.9,13.5%,16.50,103.50,112.88,0.00,3.60,76.45,31.83,19.86,0.00,0.00,0.00,348.12,4.14,-0.54,,,,,,,,,,1.06,1.03,1.09,1.045,,4.27,4.39,4.33,4.52,4.46,4.65,4.59,4.79,-0.50,-0.51,-0.53,-0.52,-0.54,-0.54,-0.56,-0.55,-0.58
Jason Zucker,BUF,LW,2,84,22.0,29.9,52.0,14.5,150.1,84.7,25.4,34.9,14.70%,14.55,110.00,112.13,0.00,7.25,75.05,25.41,15.24,0.00,0.00,0.00,345.08,4.11,-0.54,,,,,,,,,,1.06,1.03,0.95,0.975,,4.23,4.35,4.01,3.90,4.13,4.02,4.25,4.14,-0.54,-0.55,-0.57,-0.52,-0.51,-0.54,-0.52,-0.55,-0.54
Mats Zuccarello,LAK,RW,2,84,19.7,33.4,53.0,16.1,156.3,29.7,39.2,29.6,12.60%,17.25,98.50,125.25,0.00,8.05,78.15,8.91,23.52,0.00,0.00,0.00,342.38,4.08,-0.54,,,,,,,,,,0.95,0.975,0.97,0.985,,3.97,3.87,4.01,3.95,3.91,3.85,3.81,3.76,-0.57,-0.55,-0.54,-0.56,-0.55,-0.54,-0.54,-0.53,-0.52
Tyler Toffoli,SJS,LW/RW,1,84,22.6,26.2,48.8,16.0,189.7,46.3,30.9,15.6,11.90%,14.95,113.00,98.25,0.00,8.00,94.85,13.89,18.54,0.00,0.00,0.00,346.53,4.13,-0.56,,,,,,,,,,1.08,1.04,1.09,1.045,,4.29,4.46,4.31,4.50,4.48,4.68,4.66,4.86,-0.52,-0.54,-0.56,-0.54,-0.56,-0.56,-0.59,-0.58,-0.61
Damon Severson,CBJ,D,,84,7.5,26.9,34.4,4.0,105.9,52.2,107.1,53.9,7.1%,21.25,37.50,100.88,0.00,2.00,52.95,15.66,64.26,0.00,0.00,0.00,273.25,3.25,-0.57,,,,,,,,,,1,1,0.9,0.95,,3.25,3.25,3.09,2.93,3.09,2.93,3.09,2.93,-0.60,-0.60,-0.60,-0.57,-0.54,-0.57,-0.54,-0.57,-0.54
J.J. Moser,TBL,D,,84,7.1,23.9,31.0,0.0,126.2,70.1,102.0,58.4,5.60%,21.85,35.50,89.63,0.00,0.00,63.10,21.03,61.20,0.00,0.00,0.00,270.46,3.22,-0.58,,,,,,,,,,1,1,0.83,0.915,,3.22,3.22,2.95,2.67,2.95,2.67,2.95,2.67,-0.64,-0.64,-0.64,-0.58,-0.53,-0.58,-0.53,-0.58,-0.53
Michael Misa,SJS,C,2,84,23.7,26.4,50.1,10.9,152.5,29.1,55.5,24.4,15.50%,16.10,118.50,99.00,0.00,5.45,76.25,8.73,33.30,0.00,0.00,0.00,341.23,4.06,-0.59,,,,,,,,,,0.96,0.98,1.09,1.045,,3.98,3.90,4.25,4.43,4.16,4.34,4.08,4.25,-0.58,-0.57,-0.56,-0.61,-0.63,-0.59,-0.62,-0.58,-0.61
Tyler Seguin,DAL,C/RW,2,84,24.8,24.9,49.7,11.2,183.1,48.9,20.1,19.2,13.6%,16.10,124.00,93.38,0.00,5.60,91.55,14.67,12.06,0.00,0.00,0.00,341.26,4.06,-0.60,,,,,,,,,,1.01,1.005,1.04,1.02,,4.08,4.10,4.14,4.23,4.16,4.25,4.19,4.27,-0.58,-0.58,-0.59,-0.59,-0.60,-0.60,-0.61,-0.60,-0.61
Ross Colton,NSH,C/LW,2,84,19.4,15.7,35.1,7.5,190.6,177.1,44.3,26.6,10.20%,14.05,97.00,58.88,0.00,3.75,95.30,53.13,26.58,0.00,0.00,0.00,334.64,3.98,-0.61,,,,,,,,,,1.09,1.045,0.76,0.88,,4.16,4.34,3.51,3.03,3.66,3.16,3.82,3.30,-0.66,-0.69,-0.72,-0.58,-0.50,-0.61,-0.52,-0.63,-0.55
Ivar Stenberg,SJS,LW,2,84,19.3,35.5,54.8,14.5,152.1,21.2,37.8,22.7,12.70%,15.75,96.50,133.13,0.00,7.25,76.05,6.36,22.68,0.00,0.00,0.00,341.97,4.07,-0.62,,,,,,,,,,1.06,1.03,1.09,1.045,,4.19,4.32,4.25,4.44,4.38,4.57,4.51,4.70,-0.57,-0.59,-0.61,-0.60,-0.62,-0.62,-0.64,-0.63,-0.66
Calum Ritchie,NYI,C/RW,1,84,20.4,29.6,50.0,16.5,147.6,35.7,49.9,28.3,13.8%,16.15,102.00,111.00,0.00,8.25,73.80,10.71,29.94,0.00,0.00,0.00,335.70,4.00,-0.62,,,,,,,,,,1.01,1.005,0.9,0.95,,4.02,4.04,3.80,3.60,3.82,3.61,3.83,3.63,-0.65,-0.65,-0.65,-0.61,-0.58,-0.62,-0.59,-0.62,-0.59
Lawson Crouse,UTA,LW/RW,2,84,16.8,21.2,38.0,2.3,161.3,213.8,53.8,50.3,10.40%,17.00,84.00,79.50,0.00,1.15,80.65,64.14,32.28,0.00,0.00,0.00,341.72,4.07,-0.63,,,,,,,,,,1.08,1.04,1.12,1.06,,4.23,4.39,4.31,4.56,4.48,4.74,4.66,4.92,-0.58,-0.60,-0.62,-0.61,-0.64,-0.63,-0.67,-0.66,-0.70
Matvei Gridin,CGY,LW/RW,1,84,17.9,31.2,49.1,18.2,179.1,22.1,40.4,7.7,10.0%,16.45,89.50,117.00,0.00,9.10,89.55,6.63,24.24,0.00,0.00,0.00,336.02,4.00,-0.65,,,,,,,,,,1.08,1.04,0.95,0.975,,4.16,4.32,3.90,3.80,4.06,3.95,4.21,4.10,-0.64,-0.67,-0.69,-0.63,-0.61,-0.65,-0.64,-0.68,-0.66
Pavel Buchnevich,STL,C/LW/RW,2,84,20.7,30.3,51.0,14.1,152.6,37.0,33.9,27.3,13.6%,17.75,103.50,113.63,0.00,7.05,76.30,11.10,20.34,0.00,0.00,0.00,331.92,3.95,-0.67,,,,,,,,,,1.13,1.065,0.81,0.905,,4.21,4.47,3.58,3.20,3.81,3.41,4.04,3.62,-0.69,-0.74,-0.78,-0.63,-0.56,-0.67,-0.60,-0.71,-0.63
Alexander Wennberg,SJS,C,1,84,13.9,38.6,52.5,13.3,98.2,31.5,91.0,19.2,14.1%,19.25,69.50,144.75,0.00,6.65,49.10,9.45,54.60,0.00,0.00,0.00,334.05,3.98,-0.68,,,,,,,,,,0.96,0.98,1.09,1.045,,3.90,3.82,4.16,4.33,4.07,4.25,3.99,4.16,-0.67,-0.65,-0.64,-0.70,-0.73,-0.68,-0.71,-0.67,-0.70
Artyom Levshunov,CHI,D,2,84,6.4,24.9,31.3,10.6,106.4,102.5,90.5,43.5,6.0%,20.30,32.00,93.38,0.00,5.30,53.20,30.75,54.30,0.00,0.00,0.00,268.93,3.20,-0.68,,,,,,,,,,1,1,1.09,1.045,,3.20,3.20,3.35,3.49,3.35,3.49,3.35,3.49,-0.65,-0.65,-0.65,-0.68,-0.71,-0.68,-0.71,-0.68,-0.71
Bobby Brink,MIN,RW,1,84,20.0,27.5,47.4,13.9,132.7,82.8,43.3,28.7,15.10%,16.00,100.00,103.13,0.00,6.95,66.35,24.84,25.98,0.00,0.00,0.00,327.25,3.90,-0.69,,,,,,,,,,0.95,0.975,0.9,0.95,,3.80,3.70,3.70,3.51,3.61,3.42,3.52,3.33,-0.75,-0.73,-0.71,-0.71,-0.67,-0.69,-0.66,-0.67,-0.64
Oliver Ekman-Larsson,TOR,D,2,84,7.3,25.6,32.9,6.7,115.0,98.0,68.0,48.3,6.4%,19.85,36.50,96.00,0.00,3.35,57.50,29.40,40.80,0.00,0.00,0.00,263.55,3.14,-0.71,,,,,,,,,,1,1,0.97,0.985,,3.14,3.14,3.09,3.04,3.09,3.04,3.09,3.04,-0.72,-0.72,-0.72,-0.71,-0.70,-0.71,-0.70,-0.71,-0.70
Jonathan Marchessault,NSH,LW/RW,2,84,21.1,22.1,43.2,11.3,187.8,84.0,18.9,33.6,11.20%,16.00,105.50,82.88,0.00,5.65,93.90,25.20,11.34,0.00,0.00,0.00,324.47,3.86,-0.71,,,,,,,,,,1.08,1.04,0.76,0.88,,4.02,4.17,3.40,2.94,3.54,3.05,3.67,3.17,-0.78,-0.81,-0.84,-0.69,-0.59,-0.71,-0.62,-0.74,-0.64
Boone Jenner,WSH,C/LW,,84,15.4,20.6,36.1,3.5,170.3,159.0,80.9,44.5,9.1%,15.95,77.00,77.25,0.00,1.75,85.15,47.70,48.54,0.00,0.00,0.00,337.39,4.02,-0.72,,,,,,,,,,1.09,1.045,1.19,1.095,,4.20,4.38,4.40,4.78,4.60,4.99,4.79,5.21,-0.63,-0.65,-0.68,-0.69,-0.75,-0.72,-0.78,-0.75,-0.81
Hampus Lindholm,BOS,D,,84,5.3,24.9,30.2,3.7,125.2,24.4,115.9,53.7,4.20%,21.90,26.50,93.38,0.00,1.85,62.60,7.32,69.54,0.00,0.00,0.00,261.19,3.11,-0.72,,,,,,,,,,1,1,0.93,0.965,,3.11,3.11,3.00,2.89,3.00,2.89,3.00,2.89,-0.75,-0.75,-0.75,-0.72,-0.69,-0.72,-0.69,-0.72,-0.69
Anton Lundell,FLA,C,2,84,19.4,22.0,41.4,6.0,168.6,104.6,49.9,38.4,11.50%,17.20,97.00,82.50,0.00,3.00,84.30,31.38,29.94,0.00,0.00,0.00,328.12,3.91,-0.72,,,,,,,,,,0.96,0.98,1,1,,3.83,3.75,3.91,3.91,3.83,3.83,3.75,3.75,-0.74,-0.72,-0.71,-0.74,-0.74,-0.72,-0.72,-0.71,-0.71
Trevor Moore,LAK,LW/RW,2,84,20.7,19.7,40.4,3.1,199.7,80.0,43.3,13.1,10.40%,16.80,103.50,73.88,0.00,1.55,99.85,24.00,25.98,0.00,0.00,0.00,328.76,3.91,-0.75,,,,,,,,,,1.08,1.04,0.97,0.985,,4.07,4.23,3.86,3.80,4.01,3.95,4.16,4.10,-0.73,-0.76,-0.79,-0.72,-0.71,-0.75,-0.74,-0.78,-0.76
Matt Roy,WSH,D,,84,3.2,20.3,23.5,0.0,97.6,127.7,144.6,27.6,3.3%,20.50,16.00,76.13,0.00,0.00,48.80,38.31,86.76,0.00,0.00,0.00,266.00,3.17,-0.75,,,,,,,,,,1,1,1.19,1.095,,3.17,3.17,3.47,3.77,3.47,3.77,3.47,3.77,-0.69,-0.69,-0.69,-0.75,-0.82,-0.75,-0.82,-0.75,-0.82
Brett Howden,VGK,C/LW,,84,22.9,20.5,43.5,4.9,150.0,131.9,34.9,54.5,15.3%,16.60,114.50,76.88,0.00,2.45,75.00,39.57,20.94,0.00,0.00,0.00,329.34,3.92,-0.76,,,,,,,,,,1.09,1.045,1,1,,4.10,4.27,3.92,3.92,4.10,4.10,4.27,4.27,-0.72,-0.76,-0.79,-0.72,-0.72,-0.76,-0.76,-0.79,-0.79
Mikey Anderson,LAK,D,,84,5.8,16.6,22.3,0.0,81.5,128.7,145.0,31.4,7.10%,21.60,29.00,62.25,0.00,0.00,40.75,38.61,87.00,0.00,0.00,0.00,257.61,3.07,-0.78,,,,,,,,,,1,1,0.97,0.985,,3.07,3.07,3.02,2.97,3.02,2.97,3.02,2.97,-0.79,-0.79,-0.79,-0.78,-0.76,-0.78,-0.76,-0.78,-0.76
Jacob Middleton,CGY,D,,84,3.8,16.3,20.2,0.0,84.2,124.3,162.2,79.0,4.60%,20.15,19.00,61.13,0.00,0.00,42.10,37.29,97.32,0.00,0.00,0.00,256.84,3.06,-0.78,,,,,,,,,,1,1,0.95,0.975,,3.06,3.06,2.98,2.90,2.98,2.90,2.98,2.90,-0.80,-0.80,-0.80,-0.78,-0.76,-0.78,-0.76,-0.78,-0.76
Mathieu Olivier,CBJ,RW,,84,15.1,16.8,31.9,0.0,111.5,295.6,60.5,134.6,13.5%,14.25,75.50,63.00,0.00,0.00,55.75,88.68,36.30,0.00,0.00,0.00,319.23,3.80,-0.78,,,,,,,,,,0.95,0.975,0.9,0.95,,3.71,3.61,3.61,3.42,3.52,3.33,3.43,3.25,-0.84,-0.82,-0.80,-0.80,-0.76,-0.78,-0.74,-0.76,-0.72
Fabian Zetterlund,OTT,LW/RW,2,84,19.1,18.8,37.8,8.1,159.6,164.5,42.9,24.1,12.0%,14.25,95.50,70.50,0.00,4.05,79.80,49.35,25.74,0.00,0.00,0.00,324.94,3.87,-0.79,,,,,,,,,,1.08,1.04,0.97,0.985,,4.02,4.18,3.81,3.75,3.96,3.90,4.12,4.05,-0.77,-0.81,-0.84,-0.76,-0.75,-0.79,-0.78,-0.82,-0.81
Marco Kasper,DET,C/LW,2,84,17.0,18.7,35.7,5.6,162.0,185.6,54.6,34.7,10.5%,15.95,85.00,70.13,0.00,2.80,81.00,55.68,32.76,0.00,0.00,0.00,327.37,3.90,-0.81,,,,,,,,,,1.09,1.045,1.07,1.035,,4.07,4.25,4.03,4.17,4.22,4.36,4.40,4.55,-0.75,-0.78,-0.81,-0.77,-0.80,-0.81,-0.83,-0.84,-0.87
Tristan Luneau,ANA,D,,84,6.5,25.5,32.0,6.6,99.9,74.1,90.4,32.4,6.5%,17.90,32.50,95.63,0.00,3.30,49.95,22.23,54.24,0.00,0.00,0.00,257.85,3.07,-0.82,,,,,,,,,,1,1,1.09,1.045,,3.07,3.07,3.21,3.35,3.21,3.35,3.21,3.35,-0.79,-0.79,-0.79,-0.82,-0.86,-0.82,-0.86,-0.82,-0.86
Noah Cates,PHI,C,2,84,19.6,23.9,43.5,7.7,136.8,94.9,54.2,26.1,14.30%,16.75,98.00,89.63,0.00,3.85,68.40,28.47,32.52,0.00,0.00,0.00,320.87,3.82,-0.82,,,,,,,,,,0.96,0.98,1.04,1.02,,3.74,3.67,3.90,3.97,3.82,3.89,3.74,3.81,-0.82,-0.81,-0.79,-0.84,-0.86,-0.82,-0.84,-0.81,-0.82
Arseny Gritsyuk,NJD,LW/RW,2,84,19.1,25.3,44.4,7.1,181.6,70.3,24.1,33.0,10.50%,15.60,95.50,94.88,0.00,3.55,90.80,21.09,14.46,0.00,0.00,0.00,320.28,3.81,-0.83,,,,,,,,,,1.08,1.04,0.93,0.965,,3.97,4.12,3.68,3.55,3.83,3.69,3.97,3.83,-0.83,-0.86,-0.90,-0.80,-0.77,-0.83,-0.80,-0.87,-0.83
Jaccob Slavin,CAR,D,,84,3.9,22.4,26.3,0.0,122.1,26.3,134.6,10.4,3.2%,21.40,19.50,84.00,0.00,0.00,61.05,7.89,80.76,0.00,0.00,0.00,253.20,3.01,-0.84,,,,,,,,,,1,1,1,1,,3.01,3.01,3.01,3.01,3.01,3.01,3.01,3.01,-0.84,-0.84,-0.84,-0.84,-0.84,-0.84,-0.84,-0.84,-0.84
Simon Holmstrom,NYI,LW/RW,2,84,20.7,28.8,49.5,6.7,123.8,23.5,56.3,18.3,16.7%,17.35,103.50,108.00,0.00,3.35,61.90,7.05,33.78,0.00,0.00,0.00,317.58,3.78,-0.85,,,,,,,,,,1.08,1.04,0.9,0.95,,3.93,4.08,3.59,3.40,3.74,3.54,3.88,3.67,-0.86,-0.90,-0.93,-0.82,-0.78,-0.85,-0.81,-0.88,-0.84
Kent Johnson,CBJ,LW/RW,1,84,19.0,29.8,48.8,13.8,148.5,19.1,37.3,14.7,12.80%,15.95,95.00,111.75,0.00,6.90,74.25,5.73,22.38,0.00,0.00,0.00,316.01,3.76,-0.87,,,,,,,,,,1.08,1.04,0.9,0.95,,3.91,4.06,3.57,3.39,3.72,3.52,3.86,3.66,-0.88,-0.92,-0.95,-0.84,-0.79,-0.87,-0.82,-0.90,-0.86
Jake Neighbours,STL,LW/RW,2,84,17.1,23.0,40.1,7.9,116.9,163.4,47.1,46.4,14.6%,15.20,85.50,86.25,0.00,3.95,58.45,49.02,28.26,0.00,0.00,0.00,311.43,3.71,-0.88,,,,,,,,,,1.08,1.04,0.81,0.905,,3.86,4.00,3.36,3.00,3.49,3.12,3.62,3.24,-0.94,-0.97,-1.01,-0.85,-0.76,-0.88,-0.79,-0.91,-0.82
Ben Kindel,PIT,C,2,84,17.8,24.3,42.1,10.7,162.1,37.3,63.1,22.7,11.00%,15.55,89.00,91.13,0.00,5.35,81.05,11.19,37.86,0.00,0.00,0.00,315.58,3.76,-0.89,,,,,,,,,,0.96,0.98,1.04,1.02,,3.68,3.61,3.83,3.91,3.76,3.83,3.68,3.75,-0.89,-0.87,-0.85,-0.90,-0.92,-0.89,-0.90,-0.87,-0.88
Mason Lohrei,BOS,D,2,84,7.2,22.8,29.9,8.1,94.4,30.7,107.8,31.6,7.6%,17.40,36.00,85.50,0.00,4.05,47.20,9.21,64.68,0.00,0.00,0.00,246.64,2.94,-0.89,,,,,,,,,,1,1,0.93,0.965,,2.94,2.94,2.83,2.73,2.83,2.73,2.83,2.73,-0.92,-0.92,-0.92,-0.89,-0.85,-0.89,-0.85,-0.89,-0.85
Jordan Staal,CAR,C,2,84,18.9,19.3,38.2,6.0,129.8,162.4,50.3,34.5,14.60%,16.55,94.50,72.38,0.00,3.00,64.90,48.72,30.18,0.00,0.00,0.00,313.68,3.73,-0.89,,,,,,,,,,0.96,0.98,1,1,,3.66,3.58,3.73,3.73,3.66,3.66,3.58,3.58,-0.91,-0.89,-0.87,-0.91,-0.91,-0.89,-0.89,-0.87,-0.87
Christian Dvorak,PHI,C,2,84,16.4,28.6,45.0,6.3,144.6,43.5,61.4,21.4,11.4%,17.75,82.00,107.25,0.00,3.15,72.30,13.05,36.84,0.00,0.00,0.00,314.59,3.75,-0.90,,,,,,,,,,0.96,0.98,1.04,1.02,,3.67,3.60,3.82,3.89,3.74,3.82,3.67,3.74,-0.90,-0.88,-0.86,-0.92,-0.93,-0.90,-0.92,-0.88,-0.90
Chandler Stephenson,SEA,C,2,84,15.7,35.6,51.3,12.1,100.6,32.1,58.2,23.6,15.6%,19.50,78.50,133.50,0.00,6.05,50.30,9.63,34.92,0.00,0.00,0.00,312.90,3.73,-0.90,,,,,,,,,,0.96,0.98,1,1,,3.65,3.58,3.73,3.73,3.65,3.65,3.58,3.58,-0.92,-0.90,-0.88,-0.92,-0.92,-0.90,-0.90,-0.88,-0.88
Dimitri Voronkov,CBJ,LW,2,84,21.6,17.7,39.3,8.7,149.2,116.4,40.3,62.7,14.5%,14.10,108.00,66.38,0.00,4.35,74.60,34.92,24.18,0.00,0.00,0.00,312.43,3.72,-0.90,,,,,,,,,,1.06,1.03,0.9,0.95,,3.83,3.94,3.53,3.35,3.64,3.45,3.75,3.55,-0.92,-0.95,-0.98,-0.88,-0.83,-0.90,-0.86,-0.93,-0.88
Connor Brown,NJD,RW,1,84,18.6,25.9,44.5,14.0,148.1,32.8,44.2,20.7,12.6%,17.15,93.00,97.13,0.00,7.00,74.05,9.84,26.52,0.00,0.00,0.00,307.54,3.66,-0.92,,,,,,,,,,0.95,0.975,0.93,0.965,,3.57,3.48,3.53,3.40,3.44,3.32,3.36,3.23,-0.98,-0.96,-0.93,-0.95,-0.91,-0.92,-0.89,-0.90,-0.87
Igor Chernyshov,SJS,LW/RW,2,84,23.6,19.1,42.7,8.3,170.6,56.9,36.5,25.8,13.80%,15.60,118.00,71.63,0.00,4.15,85.30,17.07,21.90,0.00,0.00,0.00,318.05,3.79,-0.93,,,,,,,,,,1.08,1.04,1.09,1.045,,3.94,4.09,3.96,4.13,4.11,4.29,4.27,4.46,-0.86,-0.89,-0.93,-0.90,-0.93,-0.93,-0.97,-0.97,-1.01
Jiri Kulich,BUF,C,,84,21.8,17.1,38.9,7.0,164.1,57.8,52.9,25.4,13.30%,15.10,109.00,64.13,0.00,3.50,82.05,17.34,31.74,0.00,0.00,0.00,307.76,3.66,-0.94,,,,,,,,,,0.96,0.98,0.95,0.975,,3.59,3.52,3.57,3.48,3.50,3.41,3.43,3.34,-0.98,-0.96,-0.94,-0.95,-0.93,-0.94,-0.91,-0.92,-0.89
Tom Willander,VAN,D,,84,4.8,26.4,31.3,5.6,86.2,52.1,101.2,29.5,5.6%,19.25,24.00,99.00,0.00,2.80,43.10,15.63,60.72,0.00,0.00,0.00,245.25,2.92,-0.95,,,,,,,,,,1,1,1.02,1.01,,2.92,2.92,2.95,2.98,2.95,2.98,2.95,2.98,-0.94,-0.94,-0.94,-0.95,-0.95,-0.95,-0.95,-0.95,-0.95
Gabe Perreault,NYR,RW,2,84,18.4,29.7,48.1,8.7,140.1,48.5,36.1,22.7,13.10%,16.20,92.00,111.38,0.00,4.35,70.05,14.55,21.66,0.00,0.00,0.00,313.99,3.74,-0.95,,,,,,,,,,0.95,0.975,1.16,1.08,,3.64,3.55,4.04,4.34,3.94,4.23,3.84,4.12,-0.91,-0.88,-0.86,-0.98,-1.05,-0.95,-1.02,-0.93,-1.00
Nick Robertson,PIT,RW,,84,19.8,19.9,39.7,5.1,157.3,89.9,41.5,13.8,12.6%,13.50,99.00,74.63,0.00,2.55,78.65,26.97,24.90,0.00,0.00,0.00,306.70,3.65,-0.99,,,,,,,,,,0.95,0.975,1.04,1.02,,3.56,3.47,3.72,3.80,3.63,3.70,3.54,3.61,-0.99,-0.97,-0.94,-1.01,-1.03,-0.99,-1.01,-0.96,-0.98
Tommy Novak,PIT,C/LW,2,84,18.6,30.1,48.7,8.9,150.1,14.0,37.8,16.3,12.4%,14.90,93.00,112.88,0.00,4.45,75.05,4.20,22.68,0.00,0.00,0.00,312.26,3.72,-0.99,,,,,,,,,,1.09,1.045,1.04,1.02,,3.88,4.05,3.79,3.87,3.96,4.04,4.13,4.21,-0.93,-0.97,-1.01,-0.94,-0.96,-0.99,-1.01,-1.03,-1.05
Alex Newhook,MTL,C/LW,2,84,19.1,25.9,45.0,5.5,128.7,91.1,39.2,21.6,14.80%,15.70,95.50,97.13,0.00,2.75,64.35,27.33,23.52,0.00,0.00,0.00,310.58,3.70,-0.99,,,,,,,,,,1.09,1.045,1,1,,3.86,4.03,3.70,3.70,3.86,3.86,4.03,4.03,-0.95,-0.99,-1.03,-0.95,-0.95,-0.99,-0.99,-1.03,-1.03
Victor Olofsson,VGK,LW/RW,1,84,21.3,23.0,44.3,17.2,167.1,34.9,24.1,18.6,12.7%,15.90,106.50,86.25,0.00,8.60,83.55,10.47,14.46,0.00,0.00,0.00,309.83,3.69,-0.99,,,,,,,,,,1.08,1.04,1,1,,3.84,3.98,3.69,3.69,3.84,3.84,3.98,3.98,-0.95,-0.99,-1.03,-0.95,-0.95,-0.99,-0.99,-1.03,-1.03
Easton Cowan,TOR,LW,2,84,16.9,25.8,42.6,7.7,136.0,90.3,45.6,48.6,12.40%,15.70,84.50,96.75,0.00,3.85,68.00,27.09,27.36,0.00,0.00,0.00,307.55,3.66,-1.00,,,,,,,,,,1.06,1.03,0.97,0.985,,3.77,3.88,3.61,3.55,3.71,3.66,3.82,3.76,-0.98,-1.01,-1.04,-0.97,-0.95,-1.00,-0.98,-1.03,-1.01
Jean-Gabriel Pageau,NYI,C,,84,13.3,26.4,39.7,1.5,108.3,143.7,61.0,12.0,12.30%,16.00,66.50,99.00,0.00,0.75,54.15,43.11,36.60,0.00,0.00,0.00,300.11,3.57,-1.00,,,,,,,,,,0.96,0.98,0.9,0.95,,3.50,3.43,3.39,3.22,3.33,3.15,3.26,3.09,-1.07,-1.05,-1.03,-1.02,-0.96,-1.00,-0.94,-0.98,-0.92
Zachary Bolduc,MTL,LW/RW,2,84,17.9,18.3,36.2,7.4,135.0,172.0,46.7,31.1,13.3%,14.00,89.50,68.63,0.00,3.70,67.50,51.60,28.02,0.00,0.00,0.00,308.95,3.68,-1.00,,,,,,,,,,1.08,1.04,1,1,,3.83,3.97,3.68,3.68,3.83,3.83,3.97,3.97,-0.97,-1.00,-1.04,-0.97,-0.97,-1.00,-1.00,-1.04,-1.04
Oliver Kapanen,MTL,C,2,84,20.5,21.4,42.0,3.0,137.5,33.1,68.2,26.3,14.90%,15.30,102.50,80.25,0.00,1.50,68.75,9.93,40.92,0.00,0.00,0.00,303.85,3.62,-1.01,,,,,,,,,,0.96,0.98,1,1,,3.54,3.47,3.62,3.62,3.54,3.54,3.47,3.47,-1.03,-1.01,-0.98,-1.03,-1.03,-1.01,-1.01,-0.98,-0.98
Matthew Savoie,EDM,C/RW,2,84,19.8,22.9,42.6,8.7,166.5,22.4,45.3,24.9,11.90%,16.10,99.00,85.88,0.00,4.35,83.25,6.72,27.18,0.00,0.00,0.00,306.38,3.65,-1.05,,,,,,,,,,1.01,1.005,1.09,1.045,,3.67,3.68,3.81,3.98,3.83,4.00,3.85,4.02,-1.00,-1.00,-1.01,-1.04,-1.09,-1.05,-1.09,-1.05,-1.10
Kevin Bahl,CGY,D,,84,4.0,17.0,21.0,0.0,75.1,132.3,121.0,61.1,5.3%,21.95,20.00,63.75,0.00,0.00,37.55,39.69,72.60,0.00,0.00,0.00,233.59,2.78,-1.05,,,,,,,,,,1,1,0.95,0.975,,2.78,2.78,2.71,2.64,2.71,2.64,2.71,2.64,-1.07,-1.07,-1.07,-1.05,-1.02,-1.05,-1.02,-1.05,-1.02
William Karlsson,VGK,C,2,84,17.9,22.4,40.2,5.3,128.2,33.1,81.1,24.6,13.9%,17.20,89.50,84.00,0.00,2.65,64.10,9.93,48.66,0.00,0.00,0.00,298.84,3.56,-1.06,,,,,,,,,,0.96,0.98,1,1,,3.49,3.42,3.56,3.56,3.49,3.49,3.42,3.42,-1.09,-1.06,-1.04,-1.09,-1.09,-1.06,-1.06,-1.04,-1.04
Roman Kantserov,CHI,RW,2,84,19.4,23.9,43.3,11.2,163.5,39.1,27.5,53.4,11.8%,15.75,97.00,89.63,0.00,5.60,81.75,11.73,16.50,0.00,0.00,0.00,302.21,3.60,-1.07,,,,,,,,,,0.95,0.975,1.09,1.045,,3.51,3.42,3.76,3.92,3.67,3.82,3.57,3.73,-1.05,-1.02,-0.99,-1.09,-1.14,-1.07,-1.11,-1.04,-1.08
Dawson Mercer,NJD,C/RW,2,84,18.8,22.9,41.7,7.0,144.8,34.3,51.9,26.5,13.0%,17.10,94.00,85.88,0.00,3.50,72.40,10.29,31.14,0.00,0.00,0.00,297.21,3.54,-1.07,,,,,,,,,,1.01,1.005,0.93,0.965,,3.56,3.57,3.41,3.29,3.43,3.31,3.45,3.32,-1.11,-1.11,-1.12,-1.07,-1.03,-1.07,-1.03,-1.08,-1.04
Sam Dickinson,SJS,D,,84,3.4,21.9,25.2,4.4,104.4,86.1,96.2,34.6,3.20%,19.55,17.00,82.13,0.00,2.20,52.20,25.83,57.72,0.00,0.00,0.00,237.08,2.82,-1.08,,,,,,,,,,1,1,1.09,1.045,,2.82,2.82,2.95,3.08,2.95,3.08,2.95,3.08,-1.03,-1.03,-1.03,-1.08,-1.13,-1.08,-1.13,-1.08,-1.13
Jack Roslovic,TOR,C/RW,2,84,20.4,24.8,45.2,5.7,149.3,29.7,27.7,14.4,13.6%,15.40,102.00,93.00,0.00,2.85,74.65,8.91,16.62,0.00,0.00,0.00,298.03,3.55,-1.08,,,,,,,,,,1.01,1.005,0.97,0.985,,3.57,3.58,3.49,3.44,3.51,3.46,3.53,3.48,-1.10,-1.10,-1.11,-1.08,-1.06,-1.08,-1.07,-1.09,-1.07
Joel Farabee,CGY,LW/RW,2,84,17.9,21.7,39.6,5.1,155.7,56.4,53.2,27.3,11.5%,16.80,89.50,81.38,0.00,2.55,77.85,16.92,31.92,0.00,0.00,0.00,300.12,3.57,-1.09,,,,,,,,,,1.08,1.04,0.95,0.975,,3.72,3.86,3.48,3.39,3.62,3.53,3.76,3.67,-1.07,-1.11,-1.16,-1.04,-1.02,-1.09,-1.06,-1.13,-1.10
Linus Karlsson,VAN,RW,2,84,18.6,22.3,40.9,7.3,144.2,94.8,27.6,39.0,12.90%,17.55,93.00,83.63,0.00,3.65,72.10,28.44,16.56,0.00,0.00,0.00,297.38,3.54,-1.09,,,,,,,,,,0.95,0.975,1.02,1.01,,3.45,3.36,3.58,3.61,3.49,3.52,3.40,3.43,-1.10,-1.08,-1.05,-1.11,-1.13,-1.09,-1.10,-1.06,-1.07
Matthew Wood,NSH,C/RW,2,84,20.7,17.0,37.7,9.0,150.9,68.7,31.6,23.2,13.70%,14.25,103.50,63.75,0.00,4.50,75.45,20.61,18.96,0.00,0.00,0.00,286.77,3.41,-1.09,,,,,,,,,,1.01,1.005,0.76,0.88,,3.43,3.45,3.00,2.59,3.02,2.61,3.03,2.62,-1.23,-1.24,-1.24,-1.08,-0.93,-1.09,-0.94,-1.09,-0.94
Chris Tanev,TOR,D,,84,2.8,17.4,20.2,0.0,59.4,31.2,187.4,30.0,4.70%,19.65,14.00,65.25,0.00,0.00,29.70,9.36,112.44,0.00,0.00,0.00,230.75,2.75,-1.09,,,,,,,,,,1,1,0.97,0.985,,2.75,2.75,2.71,2.66,2.71,2.66,2.71,2.66,-1.11,-1.11,-1.11,-1.09,-1.08,-1.09,-1.08,-1.09,-1.08
Erik Haula,LAK,C/LW,2,84,15.3,21.5,36.8,8.2,156.7,103.7,49.7,51.1,9.8%,17.25,76.50,80.63,0.00,4.10,78.35,31.11,29.82,0.00,0.00,0.00,300.51,3.58,-1.10,,,,,,,,,,1.09,1.045,0.97,0.985,,3.74,3.90,3.52,3.47,3.68,3.63,3.84,3.78,-1.07,-1.11,-1.16,-1.05,-1.03,-1.10,-1.08,-1.14,-1.13
Evan Rodrigues,NJD,C/LW/RW,,84,14.9,19.1,34.0,3.9,196.1,114.4,33.2,36.9,7.6%,16.25,74.50,71.63,0.00,1.95,98.05,34.32,19.92,0.00,0.00,0.00,300.37,3.58,-1.10,,,,,,,,,,1.13,1.065,0.93,0.965,,3.81,4.04,3.45,3.33,3.67,3.54,3.90,3.76,-1.07,-1.14,-1.21,-1.03,-0.99,-1.10,-1.06,-1.16,-1.12
Dominic James,TBL,C,2,84,13.9,26.3,40.2,4.2,122.0,132.6,26.1,20.3,11.4%,14.30,69.50,98.63,0.00,2.10,61.00,39.78,15.66,0.00,0.00,0.00,286.67,3.41,-1.10,,,,,,,,,,0.96,0.98,0.83,0.915,,3.34,3.28,3.12,2.83,3.06,2.78,3.00,2.72,-1.23,-1.21,-1.18,-1.13,-1.02,-1.10,-1.00,-1.08,-0.98
Cam Fowler,STL,D,,84,4.4,25.3,29.7,7.6,97.6,10.6,80.6,18.1,4.50%,21.20,22.00,94.88,0.00,3.80,48.80,3.18,48.36,0.00,0.00,0.00,221.02,2.63,-1.11,,,,,,,,,,1,1,0.81,0.905,,2.63,2.63,2.38,2.13,2.38,2.13,2.38,2.13,-1.22,-1.22,-1.22,-1.11,-0.99,-1.11,-0.99,-1.11,-0.99
Gage Goncalves,TBL,C/LW,2,84,15.7,25.7,41.4,4.9,117.4,115.7,35.9,41.9,13.30%,15.65,78.50,96.38,0.00,2.45,58.70,34.71,21.54,0.00,0.00,0.00,292.28,3.48,-1.11,,,,,,,,,,1.09,1.045,0.83,0.915,,3.64,3.79,3.18,2.89,3.33,3.02,3.47,3.15,-1.16,-1.22,-1.27,-1.06,-0.97,-1.11,-1.01,-1.16,-1.05
Matias Maccelli,NYI,LW/RW,1,84,14.0,35.9,49.9,14.5,124.0,25.8,21.8,16.7,11.30%,15.55,70.00,134.63,0.00,7.25,62.00,7.74,13.08,0.00,0.00,0.00,294.70,3.51,-1.12,,,,,,,,,,1.08,1.04,0.9,0.95,,3.65,3.79,3.33,3.16,3.47,3.28,3.60,3.41,-1.13,-1.18,-1.23,-1.08,-1.02,-1.12,-1.06,-1.16,-1.10
Mikael Backlund,CGY,C,2,84,14.3,25.2,39.5,4.6,179.6,46.0,29.9,27.0,8.00%,18.05,71.50,94.50,0.00,2.30,89.80,13.80,17.94,0.00,0.00,0.00,289.84,3.45,-1.14,,,,,,,,,,0.96,0.98,0.95,0.975,,3.38,3.31,3.36,3.28,3.30,3.21,3.23,3.15,-1.19,-1.17,-1.15,-1.16,-1.13,-1.14,-1.11,-1.12,-1.09
Shane Wright,SEA,C/RW,2,84,19.0,19.6,38.5,8.9,126.3,56.3,69.0,15.2,15.0%,14.45,95.00,73.50,0.00,4.45,63.15,16.89,41.40,0.00,0.00,0.00,294.39,3.50,-1.14,,,,,,,,,,1.01,1.005,1,1,,3.52,3.54,3.50,3.50,3.52,3.52,3.54,3.54,-1.14,-1.14,-1.15,-1.14,-1.14,-1.14,-1.14,-1.15,-1.15
Claude Giroux,OTT,C/LW/RW,2,84,13.9,32.3,46.1,12.1,130.2,61.9,26.6,25.4,10.6%,16.15,69.50,121.13,0.00,6.05,65.10,18.57,15.96,0.00,0.00,0.00,296.31,3.53,-1.17,,,,,,,,,,1.13,1.065,0.97,0.985,,3.76,3.99,3.47,3.42,3.70,3.64,3.93,3.87,-1.12,-1.19,-1.26,-1.10,-1.08,-1.17,-1.15,-1.24,-1.22
Ryan McLeod,BUF,C,2,84,14.7,35.2,49.8,7.3,98.5,21.0,36.0,14.7,14.9%,17.95,73.50,132.00,0.00,3.65,49.25,6.30,21.60,0.00,0.00,0.00,286.30,3.41,-1.18,,,,,,,,,,0.96,0.98,0.95,0.975,,3.34,3.27,3.32,3.24,3.26,3.17,3.19,3.11,-1.23,-1.21,-1.19,-1.20,-1.17,-1.18,-1.15,-1.16,-1.13
Sean Monahan,CBJ,C,2,84,13.1,27.5,40.6,9.5,135.6,43.0,46.3,14.3,9.70%,16.95,65.50,103.13,0.00,4.75,67.80,12.90,27.78,0.00,0.00,0.00,281.86,3.36,-1.20,,,,,,,,,,0.96,0.98,0.9,0.95,,3.29,3.22,3.19,3.02,3.12,2.96,3.06,2.90,-1.29,-1.26,-1.24,-1.22,-1.16,-1.20,-1.14,-1.17,-1.11
Alex Vlasic,CHI,D,,84,3.4,19.0,22.4,0.0,94.8,40.9,130.5,19.8,3.6%,21.65,17.00,71.25,0.00,0.00,47.40,12.27,78.30,0.00,0.00,0.00,226.22,2.69,-1.21,,,,,,,,,,1,1,1.09,1.045,,2.69,2.69,2.81,2.94,2.81,2.94,2.81,2.94,-1.16,-1.16,-1.16,-1.21,-1.27,-1.21,-1.27,-1.21,-1.27
Ridly Greig,OTT,C/LW/RW,,84,14.1,23.6,37.7,5.5,134.6,107.8,52.0,72.8,10.5%,16.80,70.50,88.50,0.00,2.75,67.30,32.34,31.20,0.00,0.00,0.00,292.59,3.48,-1.22,,,,,,,,,,1.13,1.065,0.97,0.985,,3.71,3.94,3.43,3.38,3.65,3.60,3.88,3.82,-1.16,-1.24,-1.31,-1.14,-1.13,-1.22,-1.20,-1.29,-1.27
Filip Chytil,VAN,C,2,84,22.8,13.9,36.8,8.1,187.5,21.7,26.6,27.6,12.20%,15.95,114.00,52.13,0.00,4.05,93.75,6.51,15.96,0.00,0.00,0.00,286.40,3.41,-1.22,,,,,,,,,,0.96,0.98,1.02,1.01,,3.34,3.27,3.44,3.48,3.37,3.41,3.31,3.34,-1.23,-1.21,-1.18,-1.25,-1.26,-1.22,-1.23,-1.20,-1.21
Dalibor Dvorsky,STL,C,2,84,14.1,16.9,31.0,7.8,115.9,87.9,85.1,29.9,12.1%,14.80,70.50,63.38,0.00,3.90,57.95,26.37,51.06,0.00,0.00,0.00,273.16,3.25,-1.23,,,,,,,,,,0.96,0.98,0.81,0.905,,3.19,3.12,2.94,2.63,2.88,2.58,2.83,2.53,-1.39,-1.36,-1.34,-1.26,-1.13,-1.23,-1.10,-1.21,-1.08
Jonathan Lekkerimaki,VAN,RW,2,84,22.0,16.3,38.3,11.1,146.0,52.9,31.0,13.9,15.1%,15.45,110.00,61.13,0.00,5.55,73.00,15.87,18.60,0.00,0.00,0.00,284.15,3.38,-1.24,,,,,,,,,,0.95,0.975,1.02,1.01,,3.30,3.21,3.42,3.45,3.33,3.36,3.25,3.28,-1.26,-1.23,-1.20,-1.27,-1.29,-1.24,-1.25,-1.21,-1.22
Oliver Bjorkstrand,NYR,RW,2,84,16.7,19.8,36.5,10.0,142.6,88.8,49.5,18.8,11.7%,14.40,83.50,74.25,0.00,5.00,71.30,26.64,29.70,0.00,0.00,0.00,290.39,3.46,-1.25,,,,,,,,,,0.95,0.975,1.16,1.08,,3.37,3.28,3.73,4.01,3.64,3.91,3.55,3.81,-1.19,-1.16,-1.13,-1.28,-1.38,-1.25,-1.34,-1.22,-1.31
Axel Sandin-Pellikka,DET,D,2,84,7.6,22.2,29.8,9.5,90.7,27.2,70.9,24.9,8.40%,16.65,38.00,83.25,0.00,4.75,45.35,8.16,42.54,0.00,0.00,0.00,222.05,2.64,-1.25,,,,,,,,,,1,1,1.07,1.035,,2.64,2.64,2.74,2.83,2.74,2.83,2.74,2.83,-1.21,-1.21,-1.21,-1.25,-1.30,-1.25,-1.30,-1.25,-1.30
Viggo Bjorck,WPG,C,2,84,15.4,27.3,42.8,11.0,139.1,29.2,33.8,28.9,11.1%,16.70,77.00,102.38,0.00,5.50,69.55,8.76,20.28,0.00,0.00,0.00,283.47,3.37,-1.27,,,,,,,,,,0.96,0.98,1.04,1.02,,3.31,3.24,3.44,3.51,3.37,3.44,3.30,3.37,-1.27,-1.24,-1.22,-1.29,-1.32,-1.27,-1.29,-1.24,-1.27
Michael Carcone,UTA,LW,,84,17.7,18.1,35.9,2.7,157.3,143.9,20.1,32.4,11.3%,13.25,88.50,67.88,0.00,1.35,78.65,43.17,12.06,0.00,0.00,0.00,291.61,3.47,-1.28,,,,,,,,,,1.06,1.03,1.12,1.06,,3.58,3.68,3.68,3.89,3.79,4.00,3.90,4.12,-1.17,-1.21,-1.24,-1.24,-1.31,-1.28,-1.35,-1.32,-1.39
James Hagens,BOS,C,2,84,16.2,23.8,40.0,8.6,141.3,43.1,30.2,23.1,11.50%,15.00,81.00,89.25,0.00,4.30,70.65,12.93,18.12,0.00,0.00,0.00,276.25,3.29,-1.28,,,,,,,,,,0.96,0.98,0.93,0.965,,3.22,3.16,3.17,3.06,3.11,3.00,3.05,2.94,-1.35,-1.33,-1.30,-1.31,-1.26,-1.28,-1.23,-1.25,-1.21
Yegor Sharangovich,CGY,C/LW/RW,2,84,21.2,16.6,37.9,8.6,168.6,21.9,37.0,12.5,12.60%,16.40,106.00,62.25,0.00,4.30,84.30,6.57,22.20,0.00,0.00,0.00,285.62,3.40,-1.29,,,,,,,,,,1.13,1.065,0.95,0.975,,3.62,3.84,3.32,3.23,3.53,3.44,3.75,3.65,-1.24,-1.32,-1.40,-1.21,-1.18,-1.29,-1.26,-1.37,-1.33
Jamie Benn,DAL,C/LW/RW,2,84,15.8,26.8,42.6,7.0,107.9,106.3,34.9,63.4,14.6%,13.05,79.00,100.50,0.00,3.50,53.95,31.89,20.94,0.00,0.00,0.00,289.78,3.45,-1.30,,,,,,,,,,1.13,1.065,1.04,1.02,,3.67,3.90,3.52,3.59,3.75,3.82,3.98,4.05,-1.19,-1.27,-1.35,-1.22,-1.24,-1.30,-1.32,-1.38,-1.40
Tye Kartye,NYR,LW,,84,13.8,12.7,26.6,0.0,106.0,272.2,66.3,60.2,13.00%,14.20,69.00,47.63,0.00,0.00,53.00,81.66,39.78,0.00,0.00,0.00,291.07,3.47,-1.31,,,,,,,,,,1.06,1.03,1.16,1.08,,3.57,3.67,3.74,4.02,3.85,4.14,3.97,4.26,-1.18,-1.21,-1.25,-1.27,-1.37,-1.31,-1.41,-1.35,-1.45
Kaapo Kakko,SEA,RW,,84,15.6,29.8,45.3,8.9,111.7,46.4,18.4,25.8,13.9%,14.50,78.00,111.75,0.00,4.45,55.85,13.92,11.04,0.00,0.00,0.00,275.01,3.27,-1.34,,,,,,,,,,0.95,0.975,1,1,,3.19,3.11,3.27,3.27,3.19,3.19,3.11,3.11,-1.37,-1.34,-1.30,-1.37,-1.37,-1.34,-1.34,-1.30,-1.30
Yakov Trenin,MIN,C/LW/RW,,84,6.7,17.7,24.4,0.0,98.1,345.5,44.3,42.9,6.80%,13.35,33.50,66.38,0.00,0.00,49.05,103.65,26.58,0.00,0.00,0.00,279.16,3.32,-1.34,,,,,,,,,,1.13,1.065,0.9,0.95,,3.54,3.76,3.16,2.99,3.36,3.19,3.57,3.38,-1.32,-1.41,-1.49,-1.25,-1.19,-1.34,-1.27,-1.42,-1.34
John Marino,UTA,D,,84,4.0,27.3,31.3,0.0,66.1,37.9,85.2,20.0,6.0%,20.45,20.00,102.38,0.00,0.00,33.05,11.37,51.12,0.00,0.00,0.00,217.92,2.59,-1.34,,,,,,,,,,1,1,1.12,1.06,,2.59,2.59,2.75,2.91,2.75,2.91,2.75,2.91,-1.26,-1.26,-1.26,-1.34,-1.41,-1.34,-1.41,-1.34,-1.41
Konsta Helenius,BUF,C,,84,13.3,24.4,37.7,4.6,152.3,72.2,23.7,17.6,8.70%,13.55,66.50,91.50,0.00,2.30,76.15,21.66,14.22,0.00,0.00,0.00,272.33,3.24,-1.34,,,,,,,,,,0.96,0.98,0.95,0.975,,3.18,3.11,3.16,3.08,3.10,3.02,3.03,2.96,-1.40,-1.37,-1.35,-1.37,-1.33,-1.34,-1.30,-1.31,-1.28
Cole Sillinger,CBJ,C/RW,,84,12.5,21.4,34.0,0.0,135.3,107.8,48.9,35.7,9.3%,15.55,62.50,80.25,0.00,0.00,67.65,32.34,29.34,0.00,0.00,0.00,272.08,3.24,-1.34,,,,,,,,,,1.01,1.005,0.9,0.95,,3.26,3.27,3.08,2.92,3.09,2.93,3.11,2.94,-1.40,-1.41,-1.42,-1.33,-1.26,-1.34,-1.27,-1.35,-1.28
Barrett Hayton,UTA,C,2,84,16.3,21.9,38.2,6.0,153.4,46.2,40.7,58.5,10.6%,15.60,81.50,82.13,0.00,3.00,76.70,13.86,24.42,0.00,0.00,0.00,281.61,3.35,-1.34,,,,,,,,,,0.96,0.98,1.12,1.06,,3.29,3.22,3.55,3.75,3.48,3.68,3.41,3.60,-1.29,-1.26,-1.24,-1.37,-1.45,-1.34,-1.42,-1.31,-1.39
Andrew Copp,DET,C/LW,2,84,10.8,32.1,42.9,7.1,122.9,40.0,55.9,25.5,8.8%,16.80,54.00,120.38,0.00,3.55,61.45,12.00,33.54,0.00,0.00,0.00,284.92,3.39,-1.35,,,,,,,,,,1.09,1.045,1.07,1.035,,3.54,3.70,3.51,3.63,3.67,3.79,3.83,3.96,-1.25,-1.31,-1.36,-1.30,-1.34,-1.35,-1.40,-1.41,-1.46
Peyton Krebs,BUF,C/LW,,84,12.5,24.9,37.4,3.1,91.7,166.0,37.7,70.6,13.6%,14.05,62.50,93.38,0.00,1.55,45.85,49.80,22.62,0.00,0.00,0.00,275.70,3.28,-1.39,,,,,,,,,,1.09,1.045,0.95,0.975,,3.43,3.58,3.20,3.12,3.34,3.26,3.49,3.40,-1.36,-1.42,-1.48,-1.33,-1.29,-1.39,-1.35,-1.45,-1.41
Conor Garland,CBJ,RW,2,84,16.4,20.1,36.6,5.7,150.4,41.1,26.8,32.1,10.90%,14.00,82.00,75.38,0.00,2.85,75.20,12.33,16.08,0.00,0.00,0.00,263.84,3.14,-1.39,,,,,,,,,,0.95,0.975,0.9,0.95,,3.06,2.98,2.98,2.83,2.91,2.76,2.83,2.69,-1.50,-1.46,-1.43,-1.43,-1.35,-1.39,-1.32,-1.36,-1.28
Maxim Shabanov,MIN,RW,2,84,13.9,24.8,38.8,9.3,121.5,50.4,34.2,15.4,11.5%,14.35,69.50,93.00,0.00,4.65,60.75,15.12,20.52,0.00,0.00,0.00,263.54,3.14,-1.39,,,,,,,,,,0.95,0.975,0.9,0.95,,3.06,2.98,2.98,2.82,2.91,2.75,2.83,2.68,-1.51,-1.47,-1.43,-1.43,-1.36,-1.39,-1.32,-1.36,-1.29
Connor Zary,CGY,C/LW/RW,2,84,17.3,21.1,38.4,10.8,144.0,45.5,32.8,22.8,12.00%,15.00,86.50,79.13,0.00,5.40,72.00,13.65,19.68,0.00,0.00,0.00,276.36,3.29,-1.41,,,,,,,,,,1.13,1.065,0.95,0.975,,3.50,3.72,3.21,3.13,3.42,3.33,3.62,3.53,-1.35,-1.44,-1.53,-1.32,-1.29,-1.41,-1.37,-1.49,-1.45
Jaden Schwartz,COL,C/LW,2,84,15.2,24.5,39.7,5.0,121.7,53.8,59.8,21.8,12.50%,15.35,76.00,91.88,0.00,2.50,60.85,16.14,35.88,0.00,0.00,0.00,283.25,3.37,-1.42,,,,,,,,,,1.09,1.045,1.14,1.07,,3.52,3.68,3.61,3.84,3.77,4.02,3.93,4.19,-1.27,-1.33,-1.39,-1.36,-1.45,-1.42,-1.51,-1.48,-1.58
Collin Graf,SJS,LW/RW,,84,14.5,25.6,40.1,2.2,111.8,79.2,51.0,13.4,13.00%,17.00,72.50,96.00,0.00,1.10,55.90,23.76,30.60,0.00,0.00,0.00,279.86,3.33,-1.43,,,,,,,,,,1.08,1.04,1.09,1.045,,3.46,3.60,3.48,3.63,3.62,3.78,3.76,3.92,-1.31,-1.36,-1.42,-1.37,-1.43,-1.43,-1.49,-1.48,-1.54
Danila Yurov,MIN,C/RW,2,84,14.5,21.8,36.3,5.2,108.1,69.5,53.4,29.5,13.40%,14.15,72.50,81.75,0.00,2.60,54.05,20.85,32.04,0.00,0.00,0.00,263.79,3.14,-1.43,,,,,,,,,,1.01,1.005,0.9,0.95,,3.16,3.17,2.98,2.83,3.00,2.84,3.01,2.85,-1.50,-1.51,-1.52,-1.43,-1.35,-1.43,-1.36,-1.44,-1.37
Isak Rosen,WPG,RW,2,84,18.3,14.7,32.9,9.4,140.8,48.9,53.2,13.7,13.0%,14.35,91.50,55.13,0.00,4.70,70.40,14.67,31.92,0.00,0.00,0.00,268.32,3.19,-1.44,,,,,,,,,,0.95,0.975,1.04,1.02,,3.11,3.03,3.26,3.32,3.18,3.24,3.10,3.16,-1.45,-1.41,-1.38,-1.48,-1.51,-1.44,-1.47,-1.40,-1.43
Justin Hryckowian,DAL,C/LW,2,84,16.4,19.0,35.4,5.5,113.7,131.2,40.1,43.1,14.4%,15.65,82.00,71.25,0.00,2.75,56.85,39.36,24.06,0.00,0.00,0.00,276.27,3.29,-1.44,,,,,,,,,,1.09,1.045,1.04,1.02,,3.44,3.58,3.35,3.42,3.51,3.57,3.66,3.73,-1.35,-1.42,-1.48,-1.38,-1.41,-1.44,-1.47,-1.51,-1.54
Ilya Protas,WSH,LW,,84,16.7,25.3,41.9,6.7,139.2,41.2,27.6,14.5,12.0%,15.55,83.50,94.88,0.00,3.35,69.60,12.36,16.56,0.00,0.00,0.00,280.25,3.34,-1.47,,,,,,,,,,1.06,1.03,1.19,1.095,,3.44,3.54,3.65,3.97,3.76,4.09,3.87,4.21,-1.31,-1.35,-1.39,-1.43,-1.56,-1.47,-1.60,-1.52,-1.65
Emmitt Finnie,DET,C/LW,2,84,14.0,19.8,33.8,9.5,123.2,134.1,40.6,19.2,11.30%,16.15,70.00,74.25,0.00,4.75,61.60,40.23,24.36,0.00,0.00,0.00,275.19,3.28,-1.48,,,,,,,,,,1.09,1.045,1.07,1.035,,3.42,3.57,3.39,3.51,3.54,3.66,3.70,3.82,-1.37,-1.43,-1.49,-1.41,-1.46,-1.48,-1.53,-1.54,-1.59
Frank Vatrano,ANA,LW/RW,2,84,13.3,14.2,27.6,3.7,164.4,134.1,49.2,49.5,8.1%,13.50,66.50,53.25,0.00,1.85,82.20,40.23,29.52,0.00,0.00,0.00,273.55,3.26,-1.51,,,,,,,,,,1.08,1.04,1.09,1.045,,3.39,3.52,3.40,3.55,3.54,3.69,3.68,3.83,-1.39,-1.44,-1.50,-1.45,-1.51,-1.51,-1.57,-1.56,-1.63
Andrei Kuzmenko,PIT,LW/RW,2,84,20.0,21.8,41.8,12.6,119.0,27.2,24.5,22.6,16.8%,14.35,100.00,81.75,0.00,6.30,59.50,8.16,14.70,0.00,0.00,0.00,270.41,3.22,-1.51,,,,,,,,,,1.08,1.04,1.04,1.02,,3.35,3.48,3.28,3.35,3.41,3.48,3.55,3.62,-1.42,-1.48,-1.54,-1.45,-1.48,-1.51,-1.54,-1.57,-1.60
Ryan Donato,CHI,C/LW/RW,2,84,19.1,16.6,35.6,3.7,153.3,83.9,22.8,36.4,12.40%,14.40,95.50,62.25,0.00,1.85,76.65,25.17,13.68,0.00,0.00,0.00,275.10,3.28,-1.52,,,,,,,,,,1.13,1.065,1.09,1.045,,3.49,3.70,3.42,3.57,3.64,3.80,3.87,4.03,-1.37,-1.46,-1.55,-1.43,-1.49,-1.52,-1.59,-1.62,-1.69
Adam Lowry,WPG,C,,84,8.8,21.6,30.4,0.0,101.2,168.3,59.8,43.9,8.7%,15.30,44.00,81.00,0.00,0.00,50.60,50.49,35.88,0.00,0.00,0.00,261.97,3.12,-1.52,,,,,,,,,,0.96,0.98,1.04,1.02,,3.06,2.99,3.18,3.24,3.12,3.18,3.05,3.11,-1.52,-1.49,-1.46,-1.56,-1.59,-1.52,-1.55,-1.49,-1.52
Alex Iafallo,WPG,LW/RW,,84,13.3,19.2,32.5,6.5,130.9,79.4,63.3,15.3,10.2%,16.20,66.50,72.00,0.00,3.25,65.45,23.82,37.98,0.00,0.00,0.00,269.00,3.20,-1.53,,,,,,,,,,1.08,1.04,1.04,1.02,,3.33,3.46,3.27,3.33,3.40,3.46,3.53,3.60,-1.44,-1.50,-1.56,-1.47,-1.50,-1.53,-1.56,-1.59,-1.62
Braeden Bowman,VGK,LW/RW,2,84,15.3,22.8,38.0,6.6,131.5,33.8,39.6,21.7,11.6%,14.20,76.50,85.50,0.00,3.30,65.75,10.14,23.76,0.00,0.00,0.00,264.95,3.15,-1.55,,,,,,,,,,1.08,1.04,1,1,,3.28,3.41,3.15,3.15,3.28,3.28,3.41,3.41,-1.49,-1.55,-1.61,-1.49,-1.49,-1.55,-1.55,-1.61,-1.61
Nick Lardis,CHI,LW,2,84,19.3,15.7,35.0,7.1,131.5,95.1,24.4,19.2,14.7%,13.90,96.50,58.88,0.00,3.55,65.75,28.53,14.64,0.00,0.00,0.00,267.85,3.19,-1.57,,,,,,,,,,1.06,1.03,1.09,1.045,,3.28,3.38,3.33,3.48,3.43,3.58,3.53,3.68,-1.45,-1.50,-1.54,-1.52,-1.59,-1.57,-1.63,-1.61,-1.68
Noah Laba,NYR,C,2,84,10.8,22.8,33.6,7.7,96.1,134.6,55.7,40.4,11.2%,14.90,54.00,85.50,0.00,3.85,48.05,40.38,33.42,0.00,0.00,0.00,265.20,3.16,-1.57,,,,,,,,,,0.96,0.98,1.16,1.08,,3.09,3.03,3.41,3.66,3.34,3.59,3.27,3.52,-1.49,-1.46,-1.43,-1.60,-1.72,-1.57,-1.69,-1.54,-1.65
Liam Ohgren,VAN,LW,2,84,12.6,17.9,30.5,3.0,136.2,85.4,60.6,10.6,9.2%,16.95,63.00,67.13,0.00,1.50,68.10,25.62,36.36,0.00,0.00,0.00,261.71,3.12,-1.59,,,,,,,,,,1.06,1.03,1.02,1.01,,3.21,3.30,3.15,3.18,3.24,3.27,3.34,3.37,-1.53,-1.57,-1.62,-1.54,-1.56,-1.59,-1.60,-1.64,-1.65
Casey Mittelstadt,BOS,C/LW,2,84,17.5,24.2,41.7,7.8,99.2,25.5,29.7,14.3,17.70%,15.90,87.50,90.75,0.00,3.90,49.60,7.65,17.82,0.00,0.00,0.00,257.22,3.06,-1.59,,,,,,,,,,1.09,1.045,0.93,0.965,,3.20,3.34,2.95,2.85,3.09,2.98,3.22,3.10,-1.58,-1.65,-1.72,-1.53,-1.47,-1.59,-1.54,-1.66,-1.60
Jonatan Berggren,STL,RW,,84,13.6,21.2,34.8,6.3,106.9,68.6,22.6,17.5,12.70%,14.65,68.00,79.50,0.00,3.15,53.45,20.58,13.56,0.00,0.00,0.00,238.24,2.84,-1.59,,,,,,,,,,0.95,0.975,0.81,0.905,,2.77,2.69,2.57,2.30,2.50,2.24,2.44,2.18,-1.81,-1.76,-1.72,-1.64,-1.46,-1.59,-1.43,-1.55,-1.39
Alex Bump,PHI,LW,,84,16.7,19.5,36.2,4.4,125.7,69.0,33.5,22.9,13.30%,13.85,83.50,73.13,0.00,2.20,62.85,20.70,20.10,0.00,0.00,0.00,262.48,3.12,-1.60,,,,,,,,,,1.06,1.03,1.04,1.02,,3.22,3.31,3.19,3.25,3.28,3.35,3.38,3.44,-1.52,-1.56,-1.61,-1.55,-1.58,-1.60,-1.63,-1.64,-1.67
Alexandre Texier,MTL,LW/RW,2,84,12.9,23.0,35.9,4.1,123.1,85.3,32.0,36.4,10.5%,13.85,64.50,86.25,0.00,2.05,61.55,25.59,19.20,0.00,0.00,0.00,259.14,3.09,-1.62,,,,,,,,,,1.08,1.04,1,1,,3.21,3.33,3.09,3.09,3.21,3.21,3.33,3.33,-1.56,-1.62,-1.68,-1.56,-1.56,-1.62,-1.62,-1.68,-1.68
Noah Ostlund,BUF,C,2,84,14.0,26.0,40.0,7.5,94.9,14.3,39.3,23.2,14.7%,14.25,70.00,97.50,0.00,3.75,47.45,4.29,23.58,0.00,0.00,0.00,246.57,2.94,-1.63,,,,,,,,,,0.96,0.98,0.95,0.975,,2.88,2.82,2.86,2.79,2.80,2.73,2.75,2.68,-1.71,-1.67,-1.64,-1.67,-1.62,-1.63,-1.59,-1.60,-1.56
Jack Drury,NSH,C,,84,10.8,16.0,26.8,1.9,110.2,58.8,68.8,32.6,9.8%,14.95,54.00,60.00,0.00,0.95,55.10,17.64,41.28,0.00,0.00,0.00,228.97,2.73,-1.65,,,,,,,,,,0.96,0.98,0.76,0.88,,2.67,2.62,2.40,2.07,2.35,2.03,2.30,1.99,-1.92,-1.88,-1.84,-1.69,-1.46,-1.65,-1.43,-1.62,-1.40
Nino Niederreiter,WPG,LW/RW,2,84,12.5,18.8,31.3,6.4,130.8,109.7,35.8,27.2,9.6%,14.30,62.50,70.50,0.00,3.20,65.40,32.91,21.48,0.00,0.00,0.00,255.99,3.05,-1.69,,,,,,,,,,1.08,1.04,1.04,1.02,,3.17,3.29,3.11,3.17,3.23,3.30,3.36,3.42,-1.60,-1.66,-1.72,-1.63,-1.66,-1.69,-1.73,-1.76,-1.79
Eetu Luostarinen,FLA,LW,,84,10.0,20.5,30.6,1.1,94.4,139.1,58.6,32.6,10.60%,15.50,50.00,76.88,0.00,0.55,47.20,41.73,35.16,0.00,0.00,0.00,251.52,2.99,-1.70,,,,,,,,,,1.06,1.03,1,1,,3.08,3.17,2.99,2.99,3.08,3.08,3.17,3.17,-1.65,-1.70,-1.75,-1.65,-1.65,-1.70,-1.70,-1.75,-1.75
Teuvo Teravainen,CHI,LW/RW,2,84,13.4,26.6,40.0,15.6,98.7,20.0,44.0,11.3,13.5%,17.35,67.00,99.75,0.00,7.80,49.35,6.00,26.40,0.00,0.00,0.00,256.30,3.05,-1.73,,,,,,,,,,1.08,1.04,1.09,1.045,,3.17,3.30,3.19,3.33,3.32,3.46,3.44,3.59,-1.59,-1.66,-1.72,-1.66,-1.74,-1.73,-1.80,-1.80,-1.87
Justin Sourdif,WSH,C/RW,,84,12.6,20.0,32.6,3.0,114.2,99.8,39.4,29.3,11.1%,13.15,63.00,75.00,0.00,1.50,57.10,29.94,23.64,0.00,0.00,0.00,250.18,2.98,-1.83,,,,,,,,,,1.01,1.005,1.19,1.095,,2.99,3.01,3.26,3.54,3.28,3.56,3.29,3.58,-1.66,-1.67,-1.68,-1.82,-1.98,-1.83,-1.99,-1.84,-2.00
Isaac Howard,EDM,LW,2,84,13.7,21.1,34.9,6.0,150.9,25.7,21.4,37.5,9.10%,14.05,68.50,79.13,0.00,3.00,75.45,7.71,12.84,0.00,0.00,0.00,246.63,2.94,-1.84,,,,,,,,,,1.06,1.03,1.09,1.045,,3.02,3.11,3.07,3.20,3.16,3.30,3.25,3.39,-1.71,-1.76,-1.81,-1.78,-1.86,-1.84,-1.92,-1.89,-1.97
Sam Steel,DAL,C/LW,,84,11.7,22.9,34.6,2.7,107.0,77.1,35.8,25.1,10.90%,16.20,58.50,85.88,0.00,1.35,53.50,23.13,21.48,0.00,0.00,0.00,243.84,2.90,-1.86,,,,,,,,,,1.09,1.045,1.04,1.02,,3.03,3.16,2.96,3.02,3.09,3.15,3.23,3.29,-1.74,-1.82,-1.90,-1.78,-1.81,-1.86,-1.89,-1.93,-1.97
Jason Dickinson,EDM,C,,84,7.4,17.2,24.6,0.0,86.4,134.7,73.8,42.6,8.6%,14.80,37.00,64.50,0.00,0.00,43.20,40.41,44.28,0.00,0.00,0.00,229.39,2.73,-1.96,,,,,,,,,,0.96,0.98,1.09,1.045,,2.68,2.62,2.85,2.98,2.80,2.92,2.74,2.86,-1.91,-1.87,-1.84,-2.00,-2.08,-1.96,-2.04,-1.92,-2.00
Berkly Catton,SEA,C/LW,2,84,13.0,19.7,32.7,7.5,121.3,15.5,36.4,36.0,10.70%,14.20,65.00,73.88,0.00,3.75,60.65,4.65,21.84,0.00,0.00,0.00,229.77,2.74,-1.99,,,,,,,,,,1.09,1.045,1,1,,2.86,2.98,2.74,2.74,2.86,2.86,2.98,2.98,-1.91,-1.99,-2.08,-1.91,-1.91,-1.99,-1.99,-2.08,-2.08
Fedor Svechkov,COL,C,,84,7.7,15.6,23.3,0.0,91.3,70.6,48.6,22.9,8.50%,12.95,38.50,58.50,0.00,0.00,45.65,21.18,29.16,0.00,0.00,0.00,192.99,2.30,-2.46,,,,,,,,,,0.96,0.98,1.14,1.07,,2.25,2.21,2.46,2.62,2.41,2.57,2.36,2.51,-2.35,-2.30,-2.25,-2.51,-2.67,-2.46,-2.62,-2.41,-2.57
,,,,,,,,,,,,,,,,,,,,,,,,,,,,,,,,,,,,,1,1,#N/A,#N/A,,0.00,0.00,#N/A,#N/A,#N/A,#N/A,#N/A,#N/A,-4.64,-4.64,-4.64,#N/A,#N/A,#N/A,#N/A,#N/A,#N/A
,,,,,,,,,,,,,,,,,,,,,,,,,,,,,,,,,,,,,1,1,#N/A,#N/A,,0.00,0.00,#N/A,#N/A,#N/A,#N/A,#N/A,#N/A,-4.64,-4.64,-4.64,#N/A,#N/A,#N/A,#N/A,#N/A,#N/A
,,,,,,,,,,,,,,,,,,,,,,,,,,,,,,,,,,,,,1,1,#N/A,#N/A,,0.00,0.00,#N/A,#N/A,#N/A,#N/A,#N/A,#N/A,-4.64,-4.64,-4.64,#N/A,#N/A,#N/A,#N/A,#N/A,#N/A
,,,,,,,,,,,,,,,,,,,,,,,,,,,,,,,,,,,,,1,1,#N/A,#N/A,,0.00,0.00,#N/A,#N/A,#N/A,#N/A,#N/A,#N/A,-4.64,-4.64,-4.64,#N/A,#N/A,#N/A,#N/A,#N/A,#N/A
,,,,,,,,,,,,,,,,,,,,,,,,,,,,,,,,,,,,,1,1,#N/A,#N/A,,0.00,0.00,#N/A,#N/A,#N/A,#N/A,#N/A,#N/A,-4.64,-4.64,-4.64,#N/A,#N/A,#N/A,#N/A,#N/A,#N/A
,,,,,,,,,,,,,,,,,,,,,,,,,,,,,,,,,,,,,1,1,#N/A,#N/A,,0.00,0.00,#N/A,#N/A,#N/A,#N/A,#N/A,#N/A,-4.64,-4.64,-4.64,#N/A,#N/A,#N/A,#N/A,#N/A,#N/A
,,,,,,,,,,,,,,,,,,,,,,,,,,,,,,,,,,,,,1,1,#N/A,#N/A,,0.00,0.00,#N/A,#N/A,#N/A,#N/A,#N/A,#N/A,-4.64,-4.64,-4.64,#N/A,#N/A,#N/A,#N/A,#N/A,#N/A
,,,,,,,,,,,,,,,,,,,,,,,,,,,,,,,,,,,,,1,1,#N/A,#N/A,,0.00,0.00,#N/A,#N/A,#N/A,#N/A,#N/A,#N/A,-4.64,-4.64,-4.64,#N/A,#N/A,#N/A,#N/A,#N/A,#N/A
,,,,,,,,,,,,,,,,,,,,,,,,,,,,,,,,,,,,,1,1,#N/A,#N/A,,0.00,0.00,#N/A,#N/A,#N/A,#N/A,#N/A,#N/A,-4.64,-4.64,-4.64,#N/A,#N/A,#N/A,#N/A,#N/A,#N/A
,,,,,,,,,,,,,,,,,,,,,,,,,,,,,,,,,,,,,1,1,#N/A,#N/A,,0.00,0.00,#N/A,#N/A,#N/A,#N/A,#N/A,#N/A,-4.64,-4.64,-4.64,#N/A,#N/A,#N/A,#N/A,#N/A,#N/A
,,,,,,,,,,,,,,,,,,,,,,,,,,,,,,,,,,,,,1,1,#N/A,#N/A,,0.00,0.00,#N/A,#N/A,#N/A,#N/A,#N/A,#N/A,-4.64,-4.64,-4.64,#N/A,#N/A,#N/A,#N/A,#N/A,#N/A
,,,,,,,,,,,,,,,,,,,,,,,,,,,,,,,,,,,,,1,1,#N/A,#N/A,,0.00,0.00,#N/A,#N/A,#N/A,#N/A,#N/A,#N/A,-4.64,-4.64,-4.64,#N/A,#N/A,#N/A,#N/A,#N/A,#N/A
,,,,,,,,,,,,,,,,,,,,,,,,,,,,,,,,,,,,,1,1,#N/A,#N/A,,0.00,0.00,#N/A,#N/A,#N/A,#N/A,#N/A,#N/A,-4.64,-4.64,-4.64,#N/A,#N/A,#N/A,#N/A,#N/A,#N/A
,,,,,,,,,,,,,,,,,,,,,,,,,,,,,,,,,,,,,1,1,#N/A,#N/A,,0.00,0.00,#N/A,#N/A,#N/A,#N/A,#N/A,#N/A,-4.64,-4.64,-4.64,#N/A,#N/A,#N/A,#N/A,#N/A,#N/A
,,,,,,,,,,,,,,,,,,,,,,,,,,,,,,,,,,,,,1,1,#N/A,#N/A,,0.00,0.00,#N/A,#N/A,#N/A,#N/A,#N/A,#N/A,-4.64,-4.64,-4.64,#N/A,#N/A,#N/A,#N/A,#N/A,#N/A
,,,,,,,,,,,,,,,,,,,,,,,,,,,,,,,,,,,,,1,1,#N/A,#N/A,,0.00,0.00,#N/A,#N/A,#N/A,#N/A,#N/A,#N/A,-4.64,-4.64,-4.64,#N/A,#N/A,#N/A,#N/A,#N/A,#N/A
,,,,,,,,,,,,,,,,,,,,,,,,,,,,,,,,,,,,,1,1,#N/A,#N/A,,0.00,0.00,#N/A,#N/A,#N/A,#N/A,#N/A,#N/A,-4.64,-4.64,-4.64,#N/A,#N/A,#N/A,#N/A,#N/A,#N/A
,,,,,,,,,,,,,,,,,,,,,,,,,,,,,,,,,,,,,1,1,#N/A,#N/A,,0.00,0.00,#N/A,#N/A,#N/A,#N/A,#N/A,#N/A,-4.64,-4.64,-4.64,#N/A,#N/A,#N/A,#N/A,#N/A,#N/A
,,,,,,,,,,,,,,,,,,,,,,,,,,,,,,,,,,,,,1,1,#N/A,#N/A,,0.00,0.00,#N/A,#N/A,#N/A,#N/A,#N/A,#N/A,-4.64,-4.64,-4.64,#N/A,#N/A,#N/A,#N/A,#N/A,#N/A
,,,,,,,,,,,,,,,,,,,,,,,,,,,,,,,,,,,,,1,1,#N/A,#N/A,,0.00,0.00,#N/A,#N/A,#N/A,#N/A,#N/A,#N/A,-4.64,-4.64,-4.64,#N/A,#N/A,#N/A,#N/A,#N/A,#N/A
,,,,,,,,,,,,,,,,,,,,,,,,,,,,,,,,,,,,,1,1,#N/A,#N/A,,0.00,0.00,#N/A,#N/A,#N/A,#N/A,#N/A,#N/A,-4.64,-4.64,-4.64,#N/A,#N/A,#N/A,#N/A,#N/A,#N/A
,,,,,,,,,,,,,,,,,,,,,,,,,,,,,,,,,,,,,1,1,#N/A,#N/A,,0.00,0.00,#N/A,#N/A,#N/A,#N/A,#N/A,#N/A,-4.64,-4.64,-4.64,#N/A,#N/A,#N/A,#N/A,#N/A,#N/A
,,,,,,,,,,,,,,,,,,,,,,,,,,,,,,,,,,,,,1,1,#N/A,#N/A,,0.00,0.00,#N/A,#N/A,#N/A,#N/A,#N/A,#N/A,-4.64,-4.64,-4.64,#N/A,#N/A,#N/A,#N/A,#N/A,#N/A
,,,,,,,,,,,,,,,,,,,,,,,,,,,,,,,,,,,,,1,1,#N/A,#N/A,,0.00,0.00,#N/A,#N/A,#N/A,#N/A,#N/A,#N/A,-4.64,-4.64,-4.64,#N/A,#N/A,#N/A,#N/A,#N/A,#N/A
,,,,,,,,,,,,,,,,,,,,,,,,,,,,,,,,,,,,,1,1,#N/A,#N/A,,0.00,0.00,#N/A,#N/A,#N/A,#N/A,#N/A,#N/A,-4.64,-4.64,-4.64,#N/A,#N/A,#N/A,#N/A,#N/A,#N/A
,,,,,,,,,,,,,,,,,,,,,,,,,,,,,,,,,,,,,1,1,#N/A,#N/A,,0.00,0.00,#N/A,#N/A,#N/A,#N/A,#N/A,#N/A,-4.64,-4.64,-4.64,#N/A,#N/A,#N/A,#N/A,#N/A,#N/A
,,,,,,,,,,,,,,,,,,,,,,,,,,,,,,,,,,,,,#N/A,#N/A,#N/A,#N/A,,#N/A,#N/A,#N/A,#N/A,#N/A,#N/A,#N/A,#N/A,-4.64,#N/A,#N/A,#N/A,#N/A,#N/A,#N/A,#N/A,#N/A
,,,,,,,,,,,,,,,,,,,,,,,,,,,,,,,,,,,,,#N/A,#N/A,#N/A,#N/A,,#N/A,#N/A,#N/A,#N/A,#N/A,#N/A,#N/A,#N/A,-4.64,#N/A,#N/A,#N/A,#N/A,#N/A,#N/A,#N/A,#N/A
,,,,,,,,,,,,,,,,,,,,,,,,,,,,,,,,,,,,,#N/A,#N/A,#N/A,#N/A,,,,,,,,,,-4.64,#N/A,#N/A,#N/A,#N/A,#N/A,#N/A,#N/A,#N/A
,,,,,,,,,,,,,,,,,,,,,,,,,,,,,,,,,,,,,#N/A,#N/A,#N/A,#N/A,,,,,,,,,,-4.64,#N/A,#N/A,#N/A,#N/A,#N/A,#N/A,#N/A,#N/A
,,,,,,,,,,,,,,,,,,,,,,,,,,,,,,,,,,,,,#N/A,#N/A,#N/A,#N/A,,,,,,,,,,-4.64,#N/A,#N/A,#N/A,#N/A,#N/A,#N/A,#N/A,#N/A
,,,,,,,,,,,,,,,,,,,,,,,,,,,,,,,,,,,,,#N/A,#N/A,#N/A,#N/A,,,,,,,,,,-4.64,#N/A,#N/A,#N/A,#N/A,#N/A,#N/A,#N/A,#N/A
,,,,,,,,,,,,,,,,,,,,,,,,,,,,,,,,,,,,,#N/A,#N/A,#N/A,#N/A,,,,,,,,,,-4.64,#N/A,#N/A,#N/A,#N/A,#N/A,#N/A,#N/A,#N/A
,,,,,,,,,,,,,,,,,,,,,,,,,,,,,,,,,,,,,#N/A,#N/A,#N/A,#N/A,,,,,,,,,,-4.64,#N/A,#N/A,#N/A,#N/A,#N/A,#N/A,#N/A,#N/A