"To use this sheet, you will need to make a copy first to be able to edit (File -> Make a copy). Enter ""Yes"" if the category is used in your league or ""No"" if it is not in the ""Category Used?"" row. Then use the ""Weight"" row to assign a points weight to each category. You only need to enter information into the cells highlighted in red. The rows highlighted in green will output the total number of projected Fantasy Points and the projected Fantasy Points per game played for your league.",,,,,,,,,,,,,,,Selections for VORP / Positional Eligibility / Off-Nights Effects,,,,,,,,,,,,,,VORP F Number,VORP D Number,,,,,,,,,,,,,,,,,,,,,,,,,,,,
,,,,,,,,,,,,,,,VORP On?,,Positional Eligibility,,,Off-Nights Effects,,,# of Teams,,# of Starting F,# of Starting D,,Rank,120,48,,,,,,,,,,,,,,,,,,,,,,,,,,,,
,,,,,,,,,,,,,,,Yes,,Medium Effect,,,Medium Effect,,,12,,10,4,,FPts per GP,4.64,3.86,,,,,,,,,,,,,,,,,,,,,,,,,,,,
Category Used? Yes/No,,,,,Yes,Yes,No,Yes,Yes,Yes,Yes,No,No,No,All numbers below in these columns are generated automatically by the spreadsheet,,,,,,,,,,,,,,,,,,,,,,,,,,,,,,,,,,,,,,,,,,,
Weight,,,,,5.00,3.75,0.00,0.50,0.50,0.30,0.60,0.00,0.00,0.00,,,,,,,,,,,,,,,,,,,,,,,,,,,,,,,,,,,,,,,,,,,,
Player,Info,,,Projections - Nate,,,,,,,,,,,,,,,,,,,,,,,,,,,,,,,,,,,,,,,,,,,,,,,,,,,,,,
Name,Team,Y! Pos,Proj PP,GP,G,A,PTS,PPP,SOG,HIT,BLK,PIM,S%,ATOI,G,A,PTS,PPP,SOG,HIT,BLK,PIM,S%,ATOI,FPTS - Total,FPTS per GP,VORP + PE + ONE,,FPts per GP + PE,FPts per GP + ONE,FPts per GP + PE + ONE,VORP,VORP + PE,VORP + ONE,VORP + PE + ONE,,Full Pos,Med Pos,Full Off,Med Off,,FPts per GP + MPE,FPts per GP + FPE,FPts per GP + MONE,FPts per GP + FONE,FPts per GP + MPE + MONE,FPts per GP + MPE + FONE,FPts per GP + FPE + MONE,FPts per GP + FPE + FONE,VORP,VORP + MPE,VORP + FPE,VORP + MONE,VORP + FONE,VORP + MPE + MONE,VORP + MPE + FONE,VORP + FPE + MONE,VORP + FPE + FONE
Nathan Mackinnon,COL,C,1,84,45.3,83.7,129.1,35.7,359.8,58.1,44.1,30.8,12.6%,22.00,226.50,313.88,0.00,17.85,179.90,17.43,26.46,0.00,0.00,0.00,782.02,9.31,4.89,,,,,,,,,,0.96,0.98,1.14,1.07,,9.12,8.94,9.96,10.61,9.76,10.40,9.56,10.19,4.67,4.57,4.48,4.99,5.32,4.89,5.21,4.79,5.11
Connor McDavid,EDM,C,1,84,43.4,88.0,131.5,48.5,286.3,53.4,28.4,36.9,15.20%,22.00,217.00,330.00,0.00,24.25,143.15,16.02,17.04,0.00,0.00,0.00,747.46,8.90,4.36,,,,,,,,,,0.96,0.98,1.09,1.045,,8.72,8.54,9.30,9.70,9.11,9.51,8.93,9.31,4.26,4.17,4.08,4.45,4.64,4.36,4.55,4.27,4.45
Nikita Kucherov,TBL,RW,1,84,41.8,88.8,130.6,40.9,255.0,31.8,32.4,48.6,16.4%,20.25,209.00,333.00,0.00,20.45,127.50,9.54,19.44,0.00,0.00,0.00,718.93,8.56,3.49,,,,,,,,,,0.95,0.975,0.83,0.915,,8.34,8.13,7.83,7.10,7.64,6.93,7.44,6.75,3.92,3.82,3.72,3.58,3.25,3.49,3.17,3.40,3.09
Macklin Celebrini,SJS,C,1,84,48.3,65.2,113.5,36.5,299.8,52.7,55.9,42.5,16.10%,21.50,241.50,244.50,0.00,18.25,149.90,15.81,33.54,0.00,0.00,0.00,703.50,8.38,3.82,,,,,,,,,,0.96,0.98,1.09,1.045,,8.21,8.04,8.75,9.13,8.58,8.95,8.40,8.76,3.73,3.66,3.58,3.90,4.07,3.82,3.99,3.74,3.90
Auston Matthews,TOR,C,1,84,51.0,45.8,96.8,26.2,344.8,60.4,100.5,26.0,14.8%,20.75,255.00,171.75,0.00,13.10,172.40,18.12,60.30,0.00,0.00,0.00,690.67,8.22,3.45,,,,,,,,,,0.96,0.98,0.97,0.985,,8.06,7.89,8.10,7.98,7.94,7.82,7.77,7.66,3.58,3.51,3.44,3.53,3.47,3.45,3.40,3.38,3.33
David Pastrnak,BOS,RW,1,84,39.2,68.0,107.1,35.4,313.3,78.4,29.3,66.2,12.50%,20.50,196.00,255.00,0.00,17.70,156.65,23.52,17.58,0.00,0.00,0.00,666.45,7.93,3.10,,,,,,,,,,0.95,0.975,0.93,0.965,,7.74,7.54,7.66,7.38,7.46,7.19,7.27,7.01,3.29,3.21,3.13,3.18,3.06,3.10,2.98,3.02,2.91
Leon Draisaitl,EDM,C/LW,1,84,42.9,73.3,116.2,47.5,227.9,38.0,30.6,36.8,18.8%,21.00,214.50,274.88,0.00,23.75,113.95,11.40,18.36,0.00,0.00,0.00,656.84,7.82,3.47,,,,,,,,,,1.09,1.045,1.09,1.045,,8.17,8.52,8.17,8.52,8.54,8.91,8.91,9.29,3.18,3.32,3.46,3.32,3.46,3.47,3.62,3.62,3.77
Jack Eichel,VGK,C,1,84,36.8,65.0,101.8,32.4,307.9,39.9,51.8,19.5,11.90%,21.25,184.00,243.75,0.00,16.20,153.95,11.97,31.08,0.00,0.00,0.00,640.95,7.63,2.93,,,,,,,,,,0.96,0.98,1,1,,7.48,7.33,7.63,7.63,7.48,7.48,7.33,7.33,2.99,2.93,2.87,2.99,2.99,2.93,2.93,2.87,2.87
Jack Hughes,NJD,C/LW,1,84,40.2,62.3,102.5,33.9,312.6,7.6,42.7,16.7,12.9%,21.25,201.00,233.63,0.00,16.95,156.30,2.28,25.62,0.00,0.00,0.00,635.78,7.57,2.95,,,,,,,,,,1.09,1.045,0.93,0.965,,7.91,8.25,7.30,7.04,7.63,7.36,7.96,7.67,2.93,3.06,3.19,2.82,2.72,2.95,2.84,3.08,2.97
Jason Robertson,DAL,LW/RW,1,84,44.8,53.5,98.3,39.4,294.5,54.0,34.1,28.4,15.20%,20.25,224.00,200.63,0.00,19.70,147.25,16.20,20.46,0.00,0.00,0.00,628.24,7.48,3.01,,,,,,,,,,1.08,1.04,1.04,1.02,,7.78,8.08,7.63,7.78,7.93,8.09,8.24,8.40,2.84,2.95,3.06,2.89,2.95,3.01,3.07,3.12,3.19
Kirill Kaprizov,MIN,LW,1,84,46.2,52.2,98.4,33.8,278.3,54.7,32.0,31.7,16.6%,21.75,231.00,195.75,0.00,16.90,139.15,16.41,19.20,0.00,0.00,0.00,618.41,7.36,2.66,,,,,,,,,,1.06,1.03,0.9,0.95,,7.58,7.80,6.99,6.63,7.20,6.82,7.41,7.02,2.72,2.80,2.88,2.58,2.45,2.66,2.52,2.74,2.59
Cale Makar,COL,D,1,84,25.0,68.9,93.9,35.7,237.0,44.2,131.6,21.4,10.60%,25.00,125.00,258.38,0.00,17.85,118.50,13.26,78.96,0.00,0.00,0.00,611.95,7.29,3.67,,,,,,,,,,1,1,1.14,1.07,,7.29,7.29,7.80,8.30,7.80,8.30,7.80,8.30,3.43,3.43,3.43,3.67,3.91,3.67,3.91,3.67,3.91
Martin Necas,COL,RW,1,84,35.3,70.0,105.3,27.3,233.1,87.2,25.6,30.6,15.2%,21.50,176.50,262.50,0.00,13.65,116.55,26.16,15.36,0.00,0.00,0.00,610.72,7.27,2.74,,,,,,,,,,0.95,0.975,1.14,1.07,,7.09,6.91,7.78,8.29,7.58,8.08,7.39,7.87,2.63,2.56,2.50,2.81,3.00,2.74,2.92,2.67,2.85
Matt Boldy,MIN,LW/RW,1,84,40.8,46.2,87.0,31.2,273.3,66.4,70.3,33.3,14.90%,20.50,204.00,173.25,0.00,15.60,136.65,19.92,42.18,0.00,0.00,0.00,591.60,7.04,2.37,,,,,,,,,,1.08,1.04,0.9,0.95,,7.32,7.61,6.69,6.34,6.96,6.59,7.23,6.85,2.40,2.50,2.59,2.28,2.16,2.37,2.25,2.46,2.33
Zach Werenski,CBJ,D,1,84,23.8,63.1,86.9,24.4,290.2,24.4,115.5,26.5,8.2%,26.50,119.00,236.63,0.00,12.20,145.10,7.32,69.30,0.00,0.00,0.00,589.55,7.02,3.00,,,,,,,,,,1,1,0.9,0.95,,7.02,7.02,6.67,6.32,6.67,6.32,6.67,6.32,3.16,3.16,3.16,3.00,2.85,3.00,2.85,3.00,2.85
Connor Bedard,CHI,C/RW,1,64,29.0,42.5,71.5,21.1,200.3,28.5,28.5,44.2,14.50%,20.75,145.00,159.38,0.00,10.55,100.15,8.55,17.10,0.00,0.00,0.00,440.73,6.89,2.36,,,,,,,,,,1.01,1.005,1.09,1.045,,6.92,6.96,7.20,7.51,7.23,7.54,7.27,7.58,2.24,2.25,2.27,2.34,2.44,2.36,2.46,2.37,2.47
Brandon Hagel,TBL,LW/RW,1,84,42.9,49.1,92.0,20.0,249.5,52.1,49.0,60.6,17.2%,20.75,214.50,184.13,0.00,10.00,124.75,15.63,29.40,0.00,0.00,0.00,578.41,6.89,2.13,,,,,,,,,,1.08,1.04,0.83,0.915,,7.16,7.44,6.30,5.72,6.55,5.94,6.80,6.17,2.24,2.33,2.42,2.05,1.86,2.13,1.94,2.22,2.01
Tage Thompson,BUF,C/RW,1,84,42.8,41.8,84.6,25.1,278.1,88.2,44.1,38.0,15.40%,19.25,214.00,156.75,0.00,12.55,139.05,26.46,26.46,0.00,0.00,0.00,575.27,6.85,2.16,,,,,,,,,,1.01,1.005,0.95,0.975,,6.88,6.92,6.68,6.51,6.71,6.54,6.74,6.57,2.21,2.22,2.23,2.15,2.09,2.16,2.11,2.17,2.12
Nick Suzuki,MTL,C,1,84,30.5,65.9,96.4,36.8,183.6,63.8,67.2,19.6,16.6%,20.50,152.50,247.13,0.00,18.40,91.80,19.14,40.32,0.00,0.00,0.00,569.29,6.78,2.09,,,,,,,,,,0.96,0.98,1,1,,6.64,6.51,6.78,6.78,6.64,6.64,6.51,6.51,2.13,2.09,2.05,2.13,2.13,2.09,2.09,2.05,2.05
William Nylander,TOR,C/RW,1,84,40.5,54.6,95.1,29.6,248.0,15.9,29.6,21.6,16.30%,19.50,202.50,204.75,0.00,14.80,124.00,4.77,17.76,0.00,0.00,0.00,568.58,6.77,2.10,,,,,,,,,,1.01,1.005,0.97,0.985,,6.80,6.84,6.67,6.57,6.70,6.60,6.73,6.63,2.13,2.14,2.15,2.09,2.06,2.10,2.07,2.11,2.08
Matthew Tkachuk,FLA,LW/RW,1,84,33.7,56.9,90.6,37.5,240.8,104.0,19.0,89.0,14.0%,18.00,168.50,213.38,0.00,18.75,120.40,31.20,11.40,0.00,0.00,0.00,563.63,6.71,2.15,,,,,,,,,,1.08,1.04,1,1,,6.98,7.25,6.71,6.71,6.98,6.98,7.25,7.25,2.07,2.15,2.23,2.07,2.07,2.15,2.15,2.23,2.23
Evan Bouchard,EDM,D,1,84,19.5,69.8,89.3,32.0,221.7,29.6,113.3,29.4,8.80%,24.50,97.50,261.75,0.00,16.00,110.85,8.88,67.98,0.00,0.00,0.00,562.96,6.70,2.97,,,,,,,,,,1,1,1.09,1.045,,6.70,6.70,7.00,7.31,7.00,7.31,7.00,7.31,2.85,2.85,2.85,2.97,3.10,2.97,3.10,2.97,3.10
Sam Reinhart,FLA,RW,1,84,41.7,43.8,85.5,29.6,231.4,81.2,58.9,27.9,18.0%,20.50,208.50,164.25,0.00,14.80,115.70,24.36,35.34,0.00,0.00,0.00,562.95,6.70,2.01,,,,,,,,,,0.95,0.975,1,1,,6.53,6.37,6.70,6.70,6.53,6.53,6.37,6.37,2.06,2.01,1.96,2.06,2.06,2.01,2.01,1.96,1.96
Kyle Connor,WPG,LW,1,84,38.9,53.7,92.6,22.3,263.8,25.2,24.2,18.1,14.80%,21.25,194.50,201.38,0.00,11.15,131.90,7.56,14.52,0.00,0.00,0.00,561.01,6.68,2.14,,,,,,,,,,1.06,1.03,1.04,1.02,,6.88,7.08,6.81,6.95,7.02,7.15,7.22,7.36,2.04,2.10,2.16,2.08,2.12,2.14,2.18,2.20,2.24
Sidney Crosby,PIT,C,1,84,34.8,58.7,93.4,30.6,211.6,72.8,38.7,38.7,16.4%,19.50,174.00,220.13,0.00,15.30,105.80,21.84,23.22,0.00,0.00,0.00,560.29,6.67,2.03,,,,,,,,,,0.96,0.98,1.04,1.02,,6.54,6.40,6.80,6.94,6.67,6.80,6.53,6.66,2.03,1.99,1.95,2.07,2.11,2.03,2.07,1.98,2.02
Dylan Holloway,STL,C/LW,1,84,33.8,46.5,80.3,16.2,235.9,183.4,58.4,22.1,14.30%,18.50,169.00,174.38,0.00,8.10,117.95,55.02,35.04,0.00,0.00,0.00,559.49,6.66,1.91,,,,,,,,,,1.09,1.045,0.81,0.905,,6.96,7.26,6.03,5.40,6.30,5.64,6.57,5.88,2.02,2.11,2.20,1.83,1.63,1.91,1.71,1.99,1.78
Quinn Hughes,MIN,D,1,84,15.6,80.7,96.3,38.6,200.4,8.1,92.5,38.0,7.8%,26.75,78.00,302.63,0.00,19.30,100.20,2.43,55.50,0.00,0.00,0.00,558.06,6.64,2.65,,,,,,,,,,1,1,0.9,0.95,,6.64,6.64,6.31,5.98,6.31,5.98,6.31,5.98,2.79,2.79,2.79,2.65,2.51,2.65,2.51,2.65,2.51
Mark Scheifele,WPG,C,1,84,38.7,55.5,94.2,22.0,190.1,45.6,53.8,46.2,20.30%,21.00,193.50,208.13,0.00,11.00,95.05,13.68,32.28,0.00,0.00,0.00,553.64,6.59,1.95,,,,,,,,,,0.96,0.98,1.04,1.02,,6.46,6.33,6.72,6.85,6.59,6.72,6.45,6.58,1.95,1.91,1.87,1.99,2.03,1.95,1.99,1.91,1.94
Cutter Gauthier,ANA,C/LW/RW,1,84,45.3,30.2,75.5,20.7,323.4,75.4,26.9,25.8,14.0%,17.75,226.50,113.25,0.00,10.35,161.70,22.62,16.14,0.00,0.00,0.00,550.56,6.55,2.13,,,,,,,,,,1.13,1.065,1.09,1.045,,6.98,7.41,6.85,7.14,7.29,7.61,7.74,8.07,1.91,2.04,2.16,2.00,2.08,2.13,2.22,2.26,2.35
Mikko Rantanen,DAL,LW/RW,1,84,31.7,62.4,94.2,39.5,192.4,60.5,39.5,96.6,16.50%,20.25,158.50,234.00,0.00,19.75,96.20,18.15,23.70,0.00,0.00,0.00,550.30,6.55,2.02,,,,,,,,,,1.08,1.04,1.04,1.02,,6.81,7.08,6.68,6.81,6.95,7.09,7.22,7.36,1.91,1.98,2.06,1.95,1.98,2.02,2.06,2.10,2.14
Tim Stützle,OTT,C/LW,1,84,32.8,52.6,85.4,30.7,206.0,133.2,48.6,40.4,15.9%,20.75,164.00,197.25,0.00,15.35,103.00,39.96,29.16,0.00,0.00,0.00,548.72,6.53,1.94,,,,,,,,,,1.09,1.045,0.97,0.985,,6.83,7.12,6.43,6.34,6.72,6.62,7.01,6.91,1.89,1.97,2.06,1.86,1.83,1.94,1.91,2.03,2.00
Wyatt Johnston,DAL,C/RW,1,84,41.0,44.3,85.3,39.3,219.5,51.8,52.3,27.7,18.70%,20.25,205.00,166.13,0.00,19.65,109.75,15.54,31.38,0.00,0.00,0.00,547.45,6.52,1.92,,,,,,,,,,1.01,1.005,1.04,1.02,,6.55,6.58,6.65,6.78,6.68,6.81,6.71,6.85,1.87,1.88,1.89,1.91,1.95,1.92,1.96,1.93,1.97
Filip Forsberg,NSH,LW,1,84,38.4,41.1,79.5,29.3,254.5,123.0,36.9,38.9,15.1%,18.75,192.00,154.13,0.00,14.65,127.25,36.90,22.14,0.00,0.00,0.00,547.07,6.51,1.69,,,,,,,,,,1.06,1.03,0.76,0.88,,6.71,6.90,5.73,4.95,5.90,5.10,6.08,5.25,1.87,1.93,1.98,1.65,1.42,1.69,1.46,1.74,1.51
Dylan Guenther,UTA,LW/RW,1,84,42.1,38.9,81.0,27.0,267.8,72.1,35.5,30.5,15.70%,17.75,210.50,145.88,0.00,13.50,133.90,21.63,21.30,0.00,0.00,0.00,546.71,6.51,2.06,,,,,,,,,,1.08,1.04,1.12,1.06,,6.77,7.03,6.90,7.29,7.17,7.58,7.45,7.87,1.87,1.94,2.01,1.98,2.09,2.06,2.17,2.14,2.26
Clayton Keller,UTA,LW/RW,1,84,29.6,65.8,95.3,30.3,227.4,10.0,32.2,33.2,13.0%,19.00,148.00,246.75,0.00,15.15,113.70,3.00,19.32,0.00,0.00,0.00,545.92,6.50,2.05,,,,,,,,,,1.08,1.04,1.12,1.06,,6.76,7.02,6.89,7.28,7.16,7.57,7.44,7.86,1.86,1.93,2.00,1.97,2.08,2.05,2.16,2.12,2.24
Cole Caufield,MTL,LW/RW,1,84,45.9,37.1,83.0,24.2,266.2,52.5,26.3,13.7,17.20%,18.25,229.50,139.13,0.00,12.10,133.10,15.75,15.78,0.00,0.00,0.00,545.36,6.49,1.92,,,,,,,,,,1.08,1.04,1,1,,6.75,7.01,6.49,6.49,6.75,6.75,7.01,7.01,1.85,1.92,2.00,1.85,1.85,1.92,1.92,2.00,2.00
Mark Stone,VGK,RW,1,84,33.3,58.1,91.4,32.5,179.4,42.0,64.6,14.2,18.5%,19.25,166.50,217.88,0.00,16.25,89.70,12.60,38.76,0.00,0.00,0.00,541.69,6.45,1.76,,,,,,,,,,0.95,0.975,1,1,,6.29,6.13,6.45,6.45,6.29,6.29,6.13,6.13,1.81,1.76,1.72,1.81,1.81,1.76,1.76,1.72,1.72
Alex DeBrincat,DET,LW/RW,1,84,38.0,42.4,80.4,23.3,278.7,36.8,42.7,26.7,13.70%,18.50,190.00,159.00,0.00,11.65,139.35,11.04,25.62,0.00,0.00,0.00,536.66,6.39,1.88,,,,,,,,,,1.08,1.04,1.07,1.035,,6.64,6.90,6.61,6.84,6.88,7.11,7.14,7.38,1.75,1.82,1.89,1.81,1.87,1.88,1.94,1.95,2.02
Artemi Panarin,LAK,LW,1,84,36.6,54.3,90.9,28.2,247.3,10.4,14.3,18.5,14.8%,19.75,183.00,203.63,0.00,14.10,123.65,3.12,8.58,0.00,0.00,0.00,536.08,6.38,1.76,,,,,,,,,,1.06,1.03,0.97,0.985,,6.57,6.76,6.29,6.19,6.47,6.38,6.66,6.56,1.74,1.79,1.84,1.71,1.69,1.76,1.74,1.82,1.79
Adrian Kempe,LAK,RW,1,84,36.5,42.9,79.4,19.5,243.6,118.6,40.1,52.9,15.00%,19.50,182.50,160.88,0.00,9.75,121.80,35.58,24.06,0.00,0.00,0.00,534.57,6.36,1.65,,,,,,,,,,0.95,0.975,0.97,0.985,,6.20,6.05,6.27,6.17,6.11,6.02,5.95,5.86,1.72,1.68,1.63,1.69,1.67,1.65,1.63,1.61,1.59
Brady Tkachuk,FLA,C/LW,1,84,32.5,35.9,68.4,20.2,272.0,244.6,29.9,108.9,12.0%,17.25,162.50,134.63,0.00,10.10,136.00,73.38,17.94,0.00,0.00,0.00,534.55,6.36,1.80,,,,,,,,,,1.09,1.045,1,1,,6.65,6.94,6.36,6.36,6.65,6.65,6.94,6.94,1.72,1.80,1.88,1.72,1.72,1.80,1.80,1.88,1.88
Aleksander Barkov,FLA,C,1,84,24.5,63.4,87.9,32.5,175.7,96.3,63.8,22.7,13.90%,19.50,122.50,237.75,0.00,16.25,87.85,28.89,38.28,0.00,0.00,0.00,531.52,6.33,1.65,,,,,,,,,,0.96,0.98,1,1,,6.20,6.07,6.33,6.33,6.20,6.20,6.07,6.07,1.68,1.65,1.62,1.68,1.68,1.65,1.65,1.62,1.62
Matthew Schaefer,NYI,D,1,84,25.6,47.6,73.1,23.1,261.8,44.1,113.1,38.6,9.8%,25.00,128.00,178.50,0.00,11.55,130.90,13.23,67.86,0.00,0.00,0.00,530.04,6.31,2.33,,,,,,,,,,1,1,0.9,0.95,,6.31,6.31,5.99,5.68,5.99,5.68,5.99,5.68,2.45,2.45,2.45,2.33,2.21,2.33,2.21,2.33,2.21
Rasmus Dahlin,BUF,D,1,84,20.3,61.2,81.5,25.9,210.3,77.4,95.3,80.5,9.70%,24.25,101.50,229.50,0.00,12.95,105.15,23.22,57.18,0.00,0.00,0.00,529.50,6.30,2.39,,,,,,,,,,1,1,0.95,0.975,,6.30,6.30,6.15,5.99,6.15,5.99,6.15,5.99,2.45,2.45,2.45,2.39,2.33,2.39,2.33,2.39,2.33
Leo Carlsson,ANA,C,1,84,38.6,48.0,86.6,25.7,232.1,2.1,41.2,21.2,16.7%,19.50,193.00,180.00,0.00,12.85,116.05,0.63,24.72,0.00,0.00,0.00,527.25,6.28,1.67,,,,,,,,,,0.96,0.98,1.09,1.045,,6.15,6.03,6.56,6.84,6.43,6.70,6.30,6.57,1.63,1.60,1.57,1.71,1.78,1.67,1.74,1.64,1.71
Jake Guentzel,TBL,LW/RW,1,84,35.2,50.8,86.0,27.1,220.1,32.3,45.1,34.8,16.00%,20.00,176.00,190.50,0.00,13.55,110.05,9.69,27.06,0.00,0.00,0.00,526.85,6.27,1.55,,,,,,,,,,1.08,1.04,0.83,0.915,,6.52,6.77,5.74,5.21,5.97,5.41,6.20,5.62,1.63,1.69,1.76,1.49,1.35,1.55,1.41,1.61,1.46
Mitch Marner,VGK,C/LW/RW,1,84,27.4,63.8,91.2,28.7,178.2,27.6,46.4,21.2,15.4%,20.00,137.00,239.25,0.00,14.35,89.10,8.28,27.84,0.00,0.00,0.00,515.82,6.14,1.59,,,,,,,,,,1.13,1.065,1,1,,6.54,6.94,6.14,6.14,6.54,6.54,6.94,6.94,1.50,1.59,1.69,1.50,1.50,1.59,1.59,1.69,1.69
Sebastian Aho,CAR,C,1,84,31.3,53.4,84.7,27.7,214.7,65.8,24.9,46.6,14.60%,19.75,156.50,200.25,0.00,13.85,107.35,19.74,14.94,0.00,0.00,0.00,512.63,6.10,1.43,,,,,,,,,,0.96,0.98,1,1,,5.98,5.86,6.10,6.10,5.98,5.98,5.86,5.86,1.46,1.43,1.40,1.46,1.46,1.43,1.43,1.40,1.40
Mika Zibanejad,NYR,C/RW,1,84,29.3,47.4,76.6,32.4,223.3,89.6,53.4,18.1,13.1%,20.75,146.50,177.75,0.00,16.20,111.65,26.88,32.04,0.00,0.00,0.00,511.02,6.08,1.56,,,,,,,,,,1.01,1.005,1.16,1.08,,6.11,6.14,6.57,7.06,6.60,7.09,6.64,7.13,1.44,1.45,1.45,1.56,1.67,1.56,1.68,1.57,1.69
Bo Horvat,NYI,C,1,84,37.7,35.7,73.4,19.9,260.4,62.5,45.0,33.7,14.50%,20.75,188.50,133.88,0.00,9.95,130.20,18.75,27.00,0.00,0.00,0.00,508.28,6.05,1.31,,,,,,,,,,0.96,0.98,0.9,0.95,,5.93,5.81,5.75,5.45,5.63,5.34,5.52,5.23,1.41,1.38,1.35,1.34,1.27,1.31,1.24,1.28,1.22
Bryan Rust,PIT,RW,1,84,32.7,42.6,75.4,27.1,209.9,47.5,75.6,23.1,15.6%,19.75,163.50,159.75,0.00,13.55,104.95,14.25,45.36,0.00,0.00,0.00,501.36,5.97,1.32,,,,,,,,,,0.95,0.975,1.04,1.02,,5.82,5.67,6.09,6.21,5.94,6.05,5.78,5.90,1.33,1.29,1.26,1.35,1.38,1.32,1.34,1.28,1.31
Robert Thomas,STL,C,1,84,27.0,63.3,90.3,23.0,162.8,11.6,51.1,33.1,16.60%,19.75,135.00,237.38,0.00,11.50,81.40,3.48,30.66,0.00,0.00,0.00,499.42,5.95,1.15,,,,,,,,,,0.96,0.98,0.81,0.905,,5.83,5.71,5.38,4.82,5.27,4.72,5.17,4.62,1.30,1.28,1.25,1.18,1.05,1.15,1.03,1.13,1.01
Seth Jarvis,CAR,LW/RW,1,60,25.6,26.4,52.0,15.8,172.4,59.2,27.4,17.0,14.9%,18.50,128.00,99.00,0.00,7.90,86.20,17.76,16.44,0.00,0.00,0.00,355.30,5.92,1.33,,,,,,,,,,1.08,1.04,1,1,,6.16,6.40,5.92,5.92,6.16,6.16,6.40,6.40,1.28,1.33,1.38,1.28,1.28,1.33,1.33,1.38,1.38
J.T. Miller,NYR,C/LW/RW,1,84,24.3,51.4,75.7,26.8,171.9,167.5,51.7,40.4,14.20%,20.00,121.50,192.75,0.00,13.40,85.95,50.25,31.02,0.00,0.00,0.00,494.87,5.89,1.44,,,,,,,,,,1.13,1.065,1.16,1.08,,6.27,6.66,6.36,6.83,6.78,7.28,7.19,7.72,1.25,1.33,1.41,1.35,1.45,1.44,1.54,1.52,1.64
Adam Fantilli,CBJ,C,1,84,32.3,36.1,68.4,15.9,235.1,137.6,51.2,34.3,13.7%,19.25,161.50,135.38,0.00,7.95,117.55,41.28,30.72,0.00,0.00,0.00,494.38,5.89,1.16,,,,,,,,,,0.96,0.98,0.9,0.95,,5.77,5.65,5.59,5.30,5.48,5.19,5.37,5.09,1.24,1.22,1.19,1.18,1.12,1.16,1.10,1.13,1.07
Lane Hutson,MTL,D,1,84,12.6,68.8,81.4,25.8,130.2,36.1,139.7,36.5,9.70%,23.75,63.00,258.00,0.00,12.90,65.10,10.83,83.82,0.00,0.00,0.00,493.65,5.88,2.02,,,,,,,,,,1,1,1,1,,5.88,5.88,5.88,5.88,5.88,5.88,5.88,5.88,2.02,2.02,2.02,2.02,2.02,2.02,2.02,2.02,2.02
Andrei Svechnikov,CAR,LW/RW,1,84,31.1,39.9,71.0,27.3,216.4,163.8,19.6,70.8,14.4%,17.00,155.50,149.63,0.00,13.65,108.20,49.14,11.76,0.00,0.00,0.00,487.88,5.81,1.21,,,,,,,,,,1.08,1.04,1,1,,6.04,6.27,5.81,5.81,6.04,6.04,6.27,6.27,1.16,1.21,1.26,1.16,1.16,1.21,1.21,1.26,1.26
Nico Hischier,NJD,C,1,84,31.4,42.7,74.1,25.0,207.2,54.1,63.3,24.9,15.10%,20.50,157.00,160.13,0.00,12.50,103.60,16.23,37.98,0.00,0.00,0.00,487.44,5.80,1.10,,,,,,,,,,0.96,0.98,0.93,0.965,,5.69,5.57,5.60,5.40,5.49,5.29,5.38,5.18,1.16,1.14,1.11,1.12,1.08,1.10,1.06,1.07,1.04
Jesper Bratt,NJD,LW/RW,1,84,22.2,60.6,82.8,24.6,184.7,82.0,28.6,15.5,12.0%,18.75,111.00,227.25,0.00,12.30,92.35,24.60,17.16,0.00,0.00,0.00,484.66,5.77,1.13,,,,,,,,,,1.08,1.04,0.93,0.965,,6.00,6.23,5.57,5.37,5.79,5.58,6.01,5.80,1.13,1.17,1.22,1.09,1.05,1.13,1.09,1.17,1.13
Lucas Raymond,DET,RW,1,84,28.9,52.4,81.4,30.0,190.2,45.5,32.1,19.9,15.20%,18.75,144.50,196.50,0.00,15.00,95.10,13.65,19.26,0.00,0.00,0.00,484.01,5.76,1.13,,,,,,,,,,0.95,0.975,1.07,1.035,,5.62,5.47,5.96,6.17,5.81,6.01,5.67,5.86,1.12,1.09,1.06,1.16,1.20,1.13,1.17,1.10,1.14
Dylan Larkin,DET,C,1,84,34.3,36.4,70.6,25.0,247.5,54.8,38.1,47.9,13.8%,20.25,171.50,136.50,0.00,12.50,123.75,16.44,22.86,0.00,0.00,0.00,483.55,5.76,1.13,,,,,,,,,,0.96,0.98,1.07,1.035,,5.64,5.53,5.96,6.16,5.84,6.04,5.72,5.91,1.11,1.09,1.07,1.15,1.19,1.13,1.17,1.11,1.14
Mathew Barzal,NYI,C/RW,1,84,23.2,55.9,79.1,22.1,207.4,36.9,53.1,32.3,11.20%,19.75,116.00,209.63,0.00,11.05,103.70,11.07,31.86,0.00,0.00,0.00,483.31,5.75,1.06,,,,,,,,,,1.01,1.005,0.9,0.95,,5.78,5.81,5.47,5.18,5.49,5.20,5.52,5.23,1.11,1.12,1.12,1.05,1.00,1.06,1.00,1.07,1.01
Kirill Marchenko,CBJ,RW,1,84,30.7,42.0,72.7,24.3,232.3,64.8,40.8,29.7,13.2%,18.75,153.50,157.50,0.00,12.15,116.15,19.44,24.48,0.00,0.00,0.00,483.22,5.75,1.03,,,,,,,,,,0.95,0.975,0.9,0.95,,5.61,5.46,5.46,5.18,5.33,5.05,5.19,4.92,1.11,1.08,1.05,1.05,1.00,1.03,0.97,1.00,0.95
Tom Wilson,WSH,RW,1,84,30.1,37.5,67.6,16.4,168.1,196.8,67.5,120.6,17.90%,18.50,150.50,140.63,0.00,8.20,84.05,59.04,40.50,0.00,0.00,0.00,482.92,5.75,1.18,,,,,,,,,,0.95,0.975,1.19,1.095,,5.61,5.46,6.30,6.84,6.14,6.67,5.98,6.50,1.11,1.08,1.05,1.21,1.32,1.18,1.28,1.15,1.25
Roman Josi,NSH,D,1,84,15.7,50.4,66.1,27.8,216.9,38.1,134.0,35.6,7.2%,24.75,78.50,189.00,0.00,13.90,108.45,11.43,80.40,0.00,0.00,0.00,481.68,5.73,1.65,,,,,,,,,,1,1,0.76,0.88,,5.73,5.73,5.05,4.36,5.05,4.36,5.05,4.36,1.88,1.88,1.88,1.65,1.43,1.65,1.43,1.65,1.43
Travis Konecny,PHI,LW/RW,1,84,26.7,49.5,76.2,17.9,188.3,114.6,37.1,54.5,14.20%,19.50,133.50,185.63,0.00,8.95,94.15,34.38,22.26,0.00,0.00,0.00,478.87,5.70,1.12,,,,,,,,,,1.08,1.04,1.04,1.02,,5.93,6.16,5.81,5.93,6.05,6.17,6.28,6.40,1.06,1.10,1.14,1.08,1.10,1.12,1.14,1.17,1.19
Juraj Slafkovsky,MTL,LW/RW,1,84,25.4,44.4,69.9,24.2,176.1,127.8,75.0,51.6,14.5%,18.25,127.00,166.50,0.00,12.10,88.05,38.34,45.00,0.00,0.00,0.00,476.99,5.68,1.08,,,,,,,,,,1.08,1.04,1,1,,5.91,6.13,5.68,5.68,5.91,5.91,6.13,6.13,1.04,1.08,1.12,1.04,1.04,1.08,1.08,1.12,1.12
Evgeni Malkin,PIT,C/LW/RW,1,84,27.3,51.5,78.8,26.6,207.7,36.6,31.5,72.3,13.10%,17.50,136.50,193.13,0.00,13.30,103.85,10.98,18.90,0.00,0.00,0.00,476.66,5.67,1.12,,,,,,,,,,1.13,1.065,1.04,1.02,,6.04,6.41,5.79,5.90,6.16,6.29,6.54,6.67,1.03,1.10,1.17,1.05,1.07,1.12,1.14,1.19,1.21
Nikolaj Ehlers,CAR,LW,1,84,29.0,47.7,76.7,29.0,223.3,24.5,29.4,17.0,13.0%,17.00,145.00,178.88,0.00,14.50,111.65,7.35,17.64,0.00,0.00,0.00,475.02,5.65,1.04,,,,,,,,,,1.06,1.03,1,1,,5.82,5.99,5.65,5.65,5.82,5.82,5.99,5.99,1.01,1.04,1.07,1.01,1.01,1.04,1.04,1.07,1.07
Alex Tuch,WSH,LW/RW,2,84,31.3,37.1,68.4,15.3,201.2,71.9,79.9,52.0,15.60%,18.75,156.50,139.13,0.00,7.65,100.60,21.57,47.94,0.00,0.00,0.00,473.39,5.64,1.13,,,,,,,,,,1.08,1.04,1.19,1.095,,5.86,6.09,6.17,6.71,6.42,6.97,6.66,7.24,0.99,1.03,1.07,1.09,1.18,1.13,1.23,1.17,1.28
Dylan Cozens,OTT,C,1,84,28.1,34.8,62.9,27.6,209.2,219.7,28.9,45.6,13.4%,17.00,140.50,130.50,0.00,13.80,104.60,65.91,17.34,0.00,0.00,0.00,472.65,5.63,0.95,,,,,,,,,,0.96,0.98,0.97,0.985,,5.51,5.40,5.54,5.46,5.43,5.35,5.32,5.24,0.98,0.96,0.94,0.97,0.95,0.95,0.93,0.93,0.92
Jordan Kyrou,WSH,RW,1,84,30.3,43.4,73.7,22.0,233.8,29.9,34.9,15.0,12.90%,17.00,151.50,162.75,0.00,11.00,116.90,8.97,20.94,0.00,0.00,0.00,472.06,5.62,1.04,,,,,,,,,,0.95,0.975,1.19,1.095,,5.48,5.34,6.15,6.69,6.00,6.52,5.85,6.35,0.98,0.95,0.93,1.07,1.16,1.04,1.13,1.02,1.10
Jake Sanderson,OTT,D,1,84,16.7,46.5,63.2,25.4,191.6,36.1,156.5,11.4,8.7%,24.75,83.50,174.38,0.00,12.70,95.80,10.83,93.90,0.00,0.00,0.00,471.11,5.61,1.73,,,,,,,,,,1,1,0.97,0.985,,5.61,5.61,5.52,5.44,5.52,5.44,5.52,5.44,1.75,1.75,1.75,1.73,1.70,1.73,1.70,1.73,1.70
Brayden Point,TBL,C,1,84,37.2,39.1,76.3,23.4,196.9,16.0,38.3,12.6,18.9%,18.75,186.00,146.63,0.00,11.70,98.45,4.80,22.98,0.00,0.00,0.00,470.56,5.60,0.86,,,,,,,,,,0.96,0.98,0.83,0.915,,5.49,5.38,5.13,4.65,5.02,4.56,4.92,4.46,0.96,0.94,0.92,0.88,0.80,0.86,0.78,0.84,0.76
Jimmy Snuggerud,STL,RW,1,84,30.6,37.6,68.1,13.8,234.0,76.5,48.0,21.4,13.10%,17.75,153.00,141.00,0.00,6.90,117.00,22.95,28.80,0.00,0.00,0.00,469.65,5.59,0.84,,,,,,,,,,0.95,0.975,0.81,0.905,,5.45,5.31,5.06,4.53,4.93,4.42,4.81,4.30,0.95,0.92,0.90,0.86,0.77,0.84,0.75,0.81,0.73
Rickard Rakell,PIT,C/LW/RW,1,84,32.9,30.8,63.7,21.3,224.7,100.2,60.1,13.9,14.6%,18.75,164.50,115.50,0.00,10.65,112.35,30.06,36.06,0.00,0.00,0.00,469.12,5.58,1.02,,,,,,,,,,1.13,1.065,1.04,1.02,,5.95,6.31,5.70,5.81,6.07,6.19,6.44,6.56,0.94,1.00,1.06,0.96,0.98,1.02,1.04,1.09,1.11
Logan Cooley,UTA,C,1,84,32.1,43.7,75.8,23.0,172.7,78.9,38.2,47.7,18.60%,17.75,160.50,163.88,0.00,11.50,86.35,23.67,22.92,0.00,0.00,0.00,468.82,5.58,0.97,,,,,,,,,,0.96,0.98,1.12,1.06,,5.47,5.36,5.92,6.25,5.80,6.13,5.68,6.00,0.94,0.92,0.90,0.99,1.05,0.97,1.03,0.95,1.01
Drake Batherson,OTT,LW/RW,1,84,30.9,40.3,71.1,28.5,187.1,133.8,25.4,33.9,16.5%,17.75,154.50,151.13,0.00,14.25,93.55,40.14,15.24,0.00,0.00,0.00,468.81,5.58,0.96,,,,,,,,,,1.08,1.04,0.97,0.985,,5.80,6.03,5.50,5.41,5.72,5.63,5.94,5.85,0.94,0.98,1.01,0.92,0.91,0.96,0.95,1.00,0.98
Elias Pettersson,VAN,C,1,84,22.5,44.2,66.7,25.3,169.8,86.3,111.8,18.9,13.30%,19.00,112.50,165.75,0.00,12.65,84.90,25.89,67.08,0.00,0.00,0.00,468.77,5.58,0.93,,,,,,,,,,0.96,0.98,1.02,1.01,,5.47,5.36,5.64,5.69,5.52,5.58,5.41,5.46,0.94,0.92,0.90,0.95,0.96,0.93,0.94,0.91,0.92
Jackson Lacombe,ANA,D,1,84,13.2,51.6,64.8,19.2,173.4,79.9,147.8,29.8,7.6%,25.75,66.00,193.50,0.00,9.60,86.70,23.97,88.68,0.00,0.00,0.00,468.45,5.58,1.80,,,,,,,,,,1,1,1.09,1.045,,5.58,5.58,5.83,6.08,5.83,6.08,5.83,6.08,1.72,1.72,1.72,1.80,1.88,1.80,1.88,1.80,1.88
Alex Ovechkin,WSH,LW/RW,1,84,34.5,31.3,65.8,22.1,236.4,131.1,15.8,20.5,14.60%,16.75,172.50,117.38,0.00,11.05,118.20,39.33,9.48,0.00,0.00,0.00,467.94,5.57,1.06,,,,,,,,,,1.08,1.04,1.19,1.095,,5.79,6.02,6.10,6.63,6.34,6.89,6.59,7.16,0.93,0.96,1.00,1.02,1.10,1.06,1.15,1.10,1.19
Zach Hyman,EDM,LW/RW,1,84,37.4,30.9,68.3,18.8,220.2,82.6,32.2,38.5,17.0%,19.25,187.00,115.88,0.00,9.40,110.10,24.78,19.32,0.00,0.00,0.00,466.48,5.55,0.99,,,,,,,,,,1.08,1.04,1.09,1.045,,5.78,6.00,5.80,6.05,6.04,6.30,6.27,6.54,0.91,0.95,0.98,0.95,0.99,0.99,1.03,1.03,1.07
Nick Schmaltz,UTA,C/RW,1,84,30.5,43.1,73.6,21.7,198.6,24.1,52.6,19.8,15.40%,19.25,152.50,161.63,0.00,10.85,99.30,7.23,31.56,0.00,0.00,0.00,463.07,5.51,0.93,,,,,,,,,,1.01,1.005,1.12,1.06,,5.54,5.57,5.84,6.17,5.87,6.21,5.90,6.24,0.87,0.87,0.88,0.92,0.97,0.93,0.98,0.93,0.98
Moritz Seider,DET,D,1,84,10.1,42.7,52.8,23.0,177.8,139.8,181.6,49.4,5.7%,25.00,50.50,160.13,0.00,11.50,88.90,41.94,108.96,0.00,0.00,0.00,461.93,5.50,1.70,,,,,,,,,,1,1,1.07,1.035,,5.50,5.50,5.69,5.88,5.69,5.88,5.69,5.88,1.64,1.64,1.64,1.70,1.76,1.70,1.76,1.70,1.76
Vincent Trocheck,UTA,C,2,84,23.3,37.5,60.8,12.8,184.8,219.5,66.2,50.1,12.60%,19.50,116.50,140.63,0.00,6.40,92.40,65.85,39.72,0.00,0.00,0.00,461.50,5.49,0.88,,,,,,,,,,0.96,0.98,1.12,1.06,,5.38,5.27,5.82,6.15,5.71,6.03,5.59,5.91,0.85,0.83,0.82,0.90,0.95,0.88,0.93,0.87,0.91
Steven Stamkos,NSH,C/RW,1,84,37.1,29.3,66.4,25.4,210.4,85.3,36.6,54.0,17.6%,17.75,185.50,109.88,0.00,12.70,105.20,25.59,21.96,0.00,0.00,0.00,460.83,5.49,0.75,,,,,,,,,,1.01,1.005,0.76,0.88,,5.51,5.54,4.83,4.17,4.85,4.19,4.88,4.21,0.84,0.85,0.85,0.74,0.64,0.75,0.64,0.75,0.65
Charlie McAvoy,BOS,D,1,78,11.8,47.3,59.1,21.8,128.0,95.7,145.2,64.8,9.20%,24.50,59.00,177.38,0.00,10.90,64.00,28.71,87.12,0.00,0.00,0.00,427.11,5.48,1.56,,,,,,,,,,1,1,0.93,0.965,,5.48,5.48,5.28,5.09,5.28,5.09,5.28,5.09,1.62,1.62,1.62,1.56,1.51,1.56,1.51,1.56,1.51
Timo Meier,NJD,LW/RW,2,84,28.1,25.6,53.7,13.9,273.0,139.6,62.2,41.4,10.3%,18.00,140.50,96.00,0.00,6.95,136.50,41.88,37.32,0.00,0.00,0.00,459.15,5.47,0.83,,,,,,,,,,1.08,1.04,0.93,0.965,,5.68,5.90,5.27,5.08,5.49,5.29,5.70,5.49,0.82,0.86,0.89,0.79,0.77,0.83,0.80,0.86,0.83
Adam Fox,NYR,D,1,84,13.8,59.2,73.0,29.8,139.6,38.2,117.6,32.6,9.90%,23.25,69.00,222.00,0.00,14.90,69.80,11.46,70.56,0.00,0.00,0.00,457.72,5.45,1.72,,,,,,,,,,1,1,1.16,1.08,,5.45,5.45,5.88,6.32,5.88,6.32,5.88,6.32,1.59,1.59,1.59,1.72,1.85,1.72,1.85,1.72,1.85
Kevin Fiala,LAK,LW,1,84,28.9,40.7,69.6,26.5,225.4,60.3,26.7,47.3,12.8%,18.50,144.50,152.63,0.00,13.25,112.70,18.09,16.02,0.00,0.00,0.00,457.19,5.44,0.81,,,,,,,,,,1.06,1.03,0.97,0.985,,5.61,5.77,5.36,5.28,5.52,5.44,5.68,5.60,0.80,0.82,0.85,0.79,0.78,0.81,0.80,0.83,0.82
Brandt Clarke,LAK,D,1,84,10.9,46.1,57.0,19.7,188.3,34.0,191.5,66.5,5.80%,22.00,54.50,172.88,0.00,9.85,94.15,10.20,114.90,0.00,0.00,0.00,456.48,5.43,1.56,,,,,,,,,,1,1,0.97,0.985,,5.43,5.43,5.35,5.27,5.35,5.27,5.35,5.27,1.58,1.58,1.58,1.56,1.53,1.56,1.53,1.56,1.53
Will Smith,SJS,LW/RW,1,84,29.3,47.8,77.1,24.2,200.9,16.8,16.9,15.1,14.60%,18.25,146.50,179.25,0.00,12.10,100.45,5.04,10.14,0.00,0.00,0.00,453.48,5.40,0.82,,,,,,,,,,1.08,1.04,1.09,1.045,,5.61,5.83,5.64,5.88,5.87,6.12,6.09,6.36,0.76,0.79,0.82,0.79,0.82,0.82,0.86,0.85,0.89
Porter Martone,PHI,RW,1,84,34.1,28.5,62.7,15.8,230.3,121.8,25.4,32.4,14.8%,17.25,170.50,106.88,0.00,7.90,115.15,36.54,15.24,0.00,0.00,0.00,452.21,5.38,0.74,,,,,,,,,,0.95,0.975,1.04,1.02,,5.25,5.11,5.49,5.60,5.35,5.46,5.22,5.32,0.74,0.72,0.70,0.75,0.77,0.74,0.75,0.72,0.73
Joel Eriksson Ek,MIN,C,1,84,24.4,36.2,60.6,18.5,231.1,135.2,47.0,37.5,10.60%,19.25,122.00,135.75,0.00,9.25,115.55,40.56,28.20,0.00,0.00,0.00,451.31,5.37,0.68,,,,,,,,,,0.96,0.98,0.9,0.95,,5.27,5.16,5.10,4.84,5.00,4.74,4.90,4.64,0.73,0.71,0.70,0.69,0.66,0.68,0.64,0.67,0.63
Morgan Geekie,BOS,C/LW/RW,1,84,37.0,29.4,66.3,22.8,182.2,113.9,31.8,57.8,20.3%,17.25,185.00,110.25,0.00,11.40,91.10,34.17,19.08,0.00,0.00,0.00,451.00,5.37,0.75,,,,,,,,,,1.13,1.065,0.93,0.965,,5.72,6.07,5.18,4.99,5.52,5.32,5.85,5.64,0.73,0.77,0.82,0.70,0.68,0.75,0.72,0.79,0.76
Jakob Chychrun,WSH,D,1,84,24.7,33.6,58.3,16.8,216.7,63.4,108.3,59.2,11.40%,22.75,123.50,126.00,0.00,8.40,108.35,19.02,64.98,0.00,0.00,0.00,450.25,5.36,1.65,,,,,,,,,,1,1,1.19,1.095,,5.36,5.36,5.87,6.38,5.87,6.38,5.87,6.38,1.50,1.50,1.50,1.65,1.79,1.65,1.79,1.65,1.79
Mikhail Sergachev,UTA,D,1,84,11.7,51.6,63.3,26.8,169.1,50.7,139.7,41.6,6.9%,24.50,58.50,193.50,0.00,13.40,84.55,15.21,83.82,0.00,0.00,0.00,448.98,5.35,1.58,,,,,,,,,,1,1,1.12,1.06,,5.35,5.35,5.67,5.99,5.67,5.99,5.67,5.99,1.49,1.49,1.49,1.58,1.67,1.58,1.67,1.58,1.67
Erik Karlsson,PIT,D,1,84,16.3,52.8,69.1,27.6,199.3,28.2,79.1,23.0,8.20%,24.00,81.50,198.00,0.00,13.80,99.65,8.46,47.46,0.00,0.00,0.00,448.87,5.34,1.52,,,,,,,,,,1,1,1.04,1.02,,5.34,5.34,5.45,5.56,5.45,5.56,5.45,5.56,1.49,1.49,1.49,1.52,1.55,1.52,1.55,1.52,1.55
John Tavares,TOR,C,2,84,30.6,37.7,68.2,15.4,203.0,82.3,31.5,29.0,15.1%,17.50,153.00,141.38,0.00,7.70,101.50,24.69,18.90,0.00,0.00,0.00,447.17,5.32,0.66,,,,,,,,,,0.96,0.98,0.97,0.985,,5.22,5.11,5.24,5.16,5.14,5.06,5.03,4.96,0.68,0.67,0.65,0.67,0.66,0.66,0.65,0.64,0.63
Matthew Knies,TOR,LW/RW,1,84,29.0,36.1,65.1,16.5,172.6,162.1,37.8,36.8,16.80%,18.75,145.00,135.38,0.00,8.25,86.30,48.63,22.68,0.00,0.00,0.00,446.24,5.31,0.69,,,,,,,,,,1.08,1.04,0.97,0.985,,5.52,5.74,5.23,5.15,5.44,5.36,5.65,5.57,0.67,0.70,0.72,0.66,0.65,0.69,0.67,0.71,0.70
Miro Heiskanen,DAL,D,1,84,10.5,53.8,64.3,27.0,167.6,24.0,142.8,32.7,6.2%,25.25,52.50,201.75,0.00,13.50,83.80,7.20,85.68,0.00,0.00,0.00,444.43,5.29,1.46,,,,,,,,,,1,1,1.04,1.02,,5.29,5.29,5.40,5.50,5.40,5.50,5.40,5.50,1.44,1.44,1.44,1.46,1.49,1.46,1.49,1.46,1.49
Tomas Hertl,VGK,C/LW,1,84,34.6,23.9,58.5,23.9,213.0,114.6,47.3,26.1,16.20%,17.00,173.00,89.63,0.00,11.95,106.50,34.38,28.38,0.00,0.00,0.00,443.84,5.28,0.67,,,,,,,,,,1.09,1.045,1,1,,5.52,5.76,5.28,5.28,5.52,5.52,5.76,5.76,0.64,0.67,0.70,0.64,0.64,0.67,0.67,0.70,0.70
Darren Raddysh,TOR,D,1,84,13.7,46.8,60.5,21.8,205.1,75.2,99.2,43.9,6.7%,22.50,68.50,175.50,0.00,10.90,102.55,22.56,59.52,0.00,0.00,0.00,439.53,5.23,1.36,,,,,,,,,,1,1,0.97,0.985,,5.23,5.23,5.15,5.08,5.15,5.08,5.15,5.08,1.38,1.38,1.38,1.36,1.34,1.36,1.34,1.36,1.34
Jared McCann,SEA,C/LW,1,84,30.5,37.0,67.5,22.6,190.6,60.9,38.6,18.9,16.00%,16.50,152.50,138.75,0.00,11.30,95.30,18.27,23.16,0.00,0.00,0.00,439.28,5.23,0.61,,,,,,,,,,1.09,1.045,1,1,,5.46,5.70,5.23,5.23,5.46,5.46,5.70,5.70,0.59,0.61,0.64,0.59,0.59,0.61,0.61,0.64,0.64
Roope Hintz,DAL,C,1,84,28.1,39.1,67.2,25.3,192.5,83.5,30.3,28.4,14.6%,17.25,140.50,146.63,0.00,12.65,96.25,25.05,18.18,0.00,0.00,0.00,439.26,5.23,0.59,,,,,,,,,,0.96,0.98,1.04,1.02,,5.12,5.02,5.33,5.44,5.23,5.33,5.12,5.22,0.59,0.57,0.56,0.60,0.61,0.59,0.60,0.57,0.59
Shayne Gostisbehere,CAR,D,1,84,14.5,53.8,68.3,28.7,165.3,44.8,89.7,34.7,8.70%,19.25,72.50,201.75,0.00,14.35,82.65,13.44,53.82,0.00,0.00,0.00,438.51,5.22,1.37,,,,,,,,,,1,1,1,1,,5.22,5.22,5.22,5.22,5.22,5.22,5.22,5.22,1.37,1.37,1.37,1.37,1.37,1.37,1.37,1.37,1.37
Sam Bennett,FLA,C,2,84,27.8,30.5,58.3,11.7,225.0,134.7,43.4,87.4,12.3%,17.00,139.00,114.38,0.00,5.85,112.50,40.41,26.04,0.00,0.00,0.00,438.18,5.22,0.56,,,,,,,,,,0.96,0.98,1,1,,5.11,5.01,5.22,5.22,5.11,5.11,5.01,5.01,0.57,0.56,0.55,0.57,0.57,0.56,0.56,0.55,0.55
Brad Marchand,FLA,LW/RW,2,84,29.0,38.9,67.9,18.4,187.7,79.1,30.2,41.7,15.40%,16.25,145.00,145.88,0.00,9.20,93.85,23.73,18.12,0.00,0.00,0.00,435.78,5.19,0.57,,,,,,,,,,1.08,1.04,1,1,,5.40,5.60,5.19,5.19,5.40,5.40,5.60,5.60,0.54,0.57,0.59,0.54,0.54,0.57,0.57,0.59,0.59
Ryan O'Reilly,NSH,C,1,84,24.3,46.5,70.8,21.5,159.8,18.6,71.4,24.0,15.2%,20.50,121.50,174.38,0.00,10.75,79.90,5.58,42.84,0.00,0.00,0.00,434.95,5.18,0.46,,,,,,,,,,0.96,0.98,0.76,0.88,,5.07,4.97,4.56,3.94,4.47,3.86,4.37,3.78,0.53,0.52,0.51,0.47,0.41,0.46,0.40,0.45,0.39
Beckett Sennecke,ANA,RW,2,84,27.9,36.7,64.7,14.1,210.0,96.1,26.3,62.0,13.30%,17.25,139.50,137.63,0.00,7.05,105.00,28.83,15.78,0.00,0.00,0.00,433.79,5.16,0.53,,,,,,,,,,0.95,0.975,1.09,1.045,,5.04,4.91,5.40,5.63,5.26,5.49,5.13,5.35,0.52,0.51,0.49,0.54,0.57,0.53,0.55,0.52,0.54
Josh Morrissey,WPG,D,1,84,14.5,47.6,62.1,19.3,171.6,39.7,125.1,30.1,8.5%,24.50,72.50,178.50,0.00,9.65,85.80,11.91,75.06,0.00,0.00,0.00,433.42,5.16,1.33,,,,,,,,,,1,1,1.04,1.02,,5.16,5.16,5.26,5.37,5.26,5.37,5.26,5.37,1.30,1.30,1.30,1.33,1.36,1.33,1.36,1.33,1.36
Brock Nelson,COL,C,2,84,33.0,30.5,63.6,15.3,195.0,38.4,60.7,26.4,16.90%,19.25,165.00,114.38,0.00,7.65,97.50,11.52,36.42,0.00,0.00,0.00,432.47,5.15,0.53,,,,,,,,,,0.96,0.98,1.14,1.07,,5.05,4.94,5.51,5.87,5.40,5.75,5.29,5.63,0.51,0.50,0.48,0.54,0.58,0.53,0.56,0.52,0.55
Owen Tippett,PHI,LW/RW,2,84,27.1,25.2,52.3,8.9,234.9,161.2,52.0,25.0,11.5%,17.25,135.50,94.50,0.00,4.45,117.45,48.36,31.20,0.00,0.00,0.00,431.46,5.14,0.52,,,,,,,,,,1.08,1.04,1.04,1.02,,5.34,5.55,5.24,5.34,5.45,5.56,5.66,5.77,0.49,0.51,0.53,0.50,0.51,0.52,0.53,0.54,0.55
Pavel Dorofeyev,NYR,LW/RW,1,84,33.1,28.3,61.4,23.4,226.5,29.4,36.8,28.8,14.60%,18.25,165.50,106.13,0.00,11.70,113.25,8.82,22.08,0.00,0.00,0.00,427.48,5.09,0.50,,,,,,,,,,1.08,1.04,1.16,1.08,,5.29,5.50,5.50,5.90,5.72,6.14,5.94,6.38,0.45,0.46,0.48,0.48,0.52,0.50,0.54,0.52,0.56
Shea Theodore,VGK,D,1,84,12.5,54.7,67.2,22.3,183.9,4.9,90.7,27.0,6.8%,22.25,62.50,205.13,0.00,11.15,91.95,1.47,54.42,0.00,0.00,0.00,426.62,5.08,1.22,,,,,,,,,,1,1,1,1,,5.08,5.08,5.08,5.08,5.08,5.08,5.08,5.08,1.22,1.22,1.22,1.22,1.22,1.22,1.22,1.22,1.22
Troy Terry,ANA,RW,1,55,16.9,29.5,46.4,13.5,136.1,2.9,14.0,14.6,12.40%,18.00,84.50,110.63,0.00,6.75,68.05,0.87,8.40,0.00,0.00,0.00,279.20,5.08,0.44,,,,,,,,,,0.95,0.975,1.09,1.045,,4.95,4.82,5.30,5.53,5.17,5.39,5.04,5.26,0.43,0.42,0.41,0.45,0.47,0.44,0.46,0.43,0.45
John Carlson,TBL,D,1,84,13.9,45.6,59.5,17.9,180.1,36.8,126.0,29.9,7.7%,22.50,69.50,171.00,0.00,8.95,90.05,11.04,75.60,0.00,0.00,0.00,426.14,5.07,1.11,,,,,,,,,,1,1,0.83,0.915,,5.07,5.07,4.64,4.21,4.64,4.21,4.64,4.21,1.22,1.22,1.22,1.11,1.01,1.11,1.01,1.11,1.01
Dylan Strome,WSH,C,1,84,22.4,50.8,73.2,25.6,146.7,13.4,54.3,34.0,15.20%,17.25,112.00,190.50,0.00,12.80,73.35,4.02,32.58,0.00,0.00,0.00,425.25,5.06,0.45,,,,,,,,,,0.96,0.98,1.19,1.095,,4.96,4.86,5.54,6.02,5.43,5.90,5.32,5.78,0.42,0.41,0.40,0.46,0.50,0.45,0.49,0.44,0.48
Noah Dobson,MTL,D,2,84,12.4,37.8,50.3,8.6,170.8,66.4,183.2,34.6,7.3%,22.50,62.00,141.75,0.00,4.30,85.40,19.92,109.92,0.00,0.00,0.00,423.29,5.04,1.18,,,,,,,,,,1,1,1,1,,5.04,5.04,5.04,5.04,5.04,5.04,5.04,5.04,1.18,1.18,1.18,1.18,1.18,1.18,1.18,1.18,1.18
Trevor Zegras,PHI,C/LW/RW,1,84,22.6,48.8,71.4,22.4,165.6,46.6,27.1,47.4,13.60%,18.50,113.00,183.00,0.00,11.20,82.80,13.98,16.26,0.00,0.00,0.00,420.24,5.00,0.39,,,,,,,,,,1.13,1.065,1.04,1.02,,5.33,5.65,5.10,5.20,5.43,5.54,5.77,5.88,0.36,0.38,0.41,0.37,0.37,0.39,0.40,0.41,0.42
Alex Laferriere,LAK,C/LW/RW,2,84,23.0,25.9,48.9,7.7,224.5,205.7,50.5,20.2,10.3%,18.25,115.00,97.13,0.00,3.85,112.25,61.71,30.30,0.00,0.00,0.00,420.24,5.00,0.38,,,,,,,,,,1.13,1.065,0.97,0.985,,5.33,5.65,4.93,4.85,5.25,5.17,5.57,5.48,0.36,0.38,0.41,0.35,0.35,0.38,0.37,0.40,0.39
Viktor Arvidsson,DET,LW/RW,1,84,25.2,33.3,58.5,16.5,245.4,36.5,40.6,33.1,10.30%,17.25,126.00,124.88,0.00,8.25,122.70,10.95,24.36,0.00,0.00,0.00,417.14,4.97,0.35,,,,,,,,,,1.08,1.04,1.07,1.035,,5.16,5.36,5.14,5.31,5.35,5.53,5.55,5.74,0.32,0.34,0.35,0.33,0.35,0.35,0.36,0.36,0.37
Gabriel Landeskog,COL,LW/RW,1,84,23.8,35.6,59.4,10.4,190.4,123.0,44.9,65.6,12.5%,17.00,119.00,133.50,0.00,5.20,95.20,36.90,26.94,0.00,0.00,0.00,416.74,4.96,0.35,,,,,,,,,,1.08,1.04,1.14,1.07,,5.16,5.36,5.31,5.66,5.52,5.88,5.73,6.11,0.32,0.33,0.34,0.34,0.36,0.35,0.38,0.37,0.39
Quinton Byfield,LAK,C,1,84,27.0,35.9,62.9,13.8,189.4,70.0,38.9,46.6,14.20%,19.00,135.00,134.63,0.00,6.90,94.70,21.00,23.34,0.00,0.00,0.00,415.57,4.95,0.29,,,,,,,,,,0.96,0.98,0.97,0.985,,4.85,4.75,4.87,4.80,4.78,4.70,4.68,4.61,0.30,0.30,0.29,0.30,0.29,0.29,0.29,0.29,0.28
Nazem Kadri,COL,C/LW,1,84,22.0,39.7,61.8,16.0,211.9,52.8,42.8,33.8,10.4%,17.00,110.00,148.88,0.00,8.00,105.95,15.84,25.68,0.00,0.00,0.00,414.35,4.93,0.32,,,,,,,,,,1.09,1.045,1.14,1.07,,5.15,5.38,5.28,5.62,5.52,5.88,5.75,6.13,0.29,0.30,0.32,0.31,0.33,0.32,0.34,0.34,0.36
Ryan Hartman,MIN,C/RW,1,84,25.7,26.8,52.5,15.2,196.0,76.1,94.5,66.5,13.10%,17.50,128.50,100.50,0.00,7.60,98.00,22.83,56.70,0.00,0.00,0.00,414.13,4.93,0.27,,,,,,,,,,1.01,1.005,0.9,0.95,,4.95,4.98,4.68,4.44,4.71,4.46,4.73,4.48,0.29,0.29,0.29,0.27,0.26,0.27,0.26,0.28,0.26
Tyson Foerster,PHI,LW/RW,1,84,31.2,24.6,55.8,13.2,186.9,79.2,64.9,48.3,16.7%,17.75,156.00,92.25,0.00,6.60,93.45,23.76,38.94,0.00,0.00,0.00,411.00,4.89,0.26,,,,,,,,,,1.08,1.04,1.04,1.02,,5.09,5.28,4.99,5.09,5.19,5.29,5.39,5.50,0.25,0.26,0.27,0.25,0.26,0.26,0.27,0.28,0.28
Gabriel Vilardi,WPG,C/RW,1,84,30.2,37.1,67.3,23.4,150.5,21.7,43.4,23.8,20.10%,18.50,151.00,139.13,0.00,11.70,75.25,6.51,26.04,0.00,0.00,0.00,409.63,4.88,0.24,,,,,,,,,,1.01,1.005,1.04,1.02,,4.90,4.93,4.97,5.07,5.00,5.10,5.02,5.12,0.23,0.23,0.24,0.24,0.24,0.24,0.24,0.24,0.25
Egor Chinakhov,PIT,LW/RW,2,84,27.3,33.2,60.6,13.8,195.1,50.5,46.3,10.9,14.0%,16.00,136.50,124.50,0.00,6.90,97.55,15.15,27.78,0.00,0.00,0.00,408.38,4.86,0.23,,,,,,,,,,1.08,1.04,1.04,1.02,,5.06,5.25,4.96,5.06,5.16,5.26,5.36,5.46,0.22,0.23,0.24,0.22,0.23,0.23,0.24,0.24,0.25
Alexis Lafrenière,NYR,LW/RW,1,84,23.5,37.3,60.8,17.7,177.6,87.9,43.4,23.8,13.20%,18.50,117.50,139.88,0.00,8.85,88.80,26.37,26.04,0.00,0.00,0.00,407.44,4.85,0.23,,,,,,,,,,1.08,1.04,1.16,1.08,,5.04,5.24,5.24,5.63,5.45,5.85,5.66,6.08,0.21,0.22,0.22,0.22,0.24,0.23,0.25,0.24,0.26
Victor Hedman,TBL,D,2,84,13.3,38.1,51.5,10.2,173.3,60.4,139.5,31.5,7.7%,22.50,66.50,142.88,0.00,5.10,86.65,18.12,83.70,0.00,0.00,0.00,402.95,4.80,0.86,,,,,,,,,,1,1,0.83,0.915,,4.80,4.80,4.39,3.98,4.39,3.98,4.39,3.98,0.94,0.94,0.94,0.86,0.78,0.86,0.78,0.86,0.78
Marco Rossi,VAN,C,1,84,24.3,39.6,63.8,27.0,148.8,56.8,46.5,20.0,16.30%,18.00,121.50,148.50,0.00,13.50,74.40,17.04,27.90,0.00,0.00,0.00,402.84,4.80,0.15,,,,,,,,,,0.96,0.98,1.02,1.01,,4.70,4.60,4.84,4.89,4.75,4.79,4.65,4.70,0.15,0.15,0.15,0.15,0.16,0.15,0.15,0.15,0.15
Anthony Cirelli,TBL,C,2,84,26.7,35.8,62.5,6.4,156.2,57.8,60.5,41.7,17.1%,18.00,133.50,134.25,0.00,3.20,78.10,17.34,36.30,0.00,0.00,0.00,402.69,4.79,0.14,,,,,,,,,,0.96,0.98,0.83,0.915,,4.70,4.60,4.39,3.98,4.30,3.90,4.21,3.82,0.15,0.15,0.14,0.14,0.13,0.14,0.12,0.13,0.12
Ryan Nugent-Hopkins,EDM,C/LW,1,84,21.2,43.6,64.8,30.0,160.5,28.2,44.6,23.3,13.20%,19.25,106.00,163.50,0.00,15.00,80.25,8.46,26.76,0.00,0.00,0.00,399.97,4.76,0.13,,,,,,,,,,1.09,1.045,1.09,1.045,,4.98,5.19,4.98,5.19,5.20,5.42,5.42,5.66,0.12,0.12,0.13,0.12,0.13,0.13,0.13,0.13,0.14
Josh Doan,BUF,RW,1,84,26.7,32.3,59.0,19.0,183.8,83.4,30.2,24.7,14.5%,16.50,133.50,121.13,0.00,9.50,91.90,25.02,18.12,0.00,0.00,0.00,399.17,4.75,0.10,,,,,,,,,,0.95,0.975,0.95,0.975,,4.63,4.51,4.63,4.51,4.52,4.40,4.40,4.29,0.11,0.11,0.10,0.11,0.10,0.10,0.10,0.10,0.10
Jake DeBrusk,VAN,LW/RW,1,84,30.6,21.6,52.2,24.5,205.0,80.4,39.9,17.4,14.90%,17.25,153.00,81.00,0.00,12.25,102.50,24.12,23.94,0.00,0.00,0.00,396.81,4.72,0.08,,,,,,,,,,1.08,1.04,1.02,1.01,,4.91,5.10,4.77,4.82,4.96,5.01,5.15,5.20,0.08,0.08,0.09,0.08,0.08,0.08,0.09,0.09,0.09
Mason Marchment,SJS,LW,2,84,24.6,36.0,60.7,14.6,158.9,101.2,34.3,65.1,15.5%,16.25,123.00,135.00,0.00,7.30,79.45,30.36,20.58,0.00,0.00,0.00,395.69,4.71,0.07,,,,,,,,,,1.06,1.03,1.09,1.045,,4.85,4.99,4.92,5.13,5.07,5.29,5.22,5.44,0.07,0.07,0.07,0.07,0.07,0.07,0.08,0.07,0.08
Matt Coronato,CGY,RW,1,84,24.9,33.3,58.2,18.7,221.7,28.9,28.9,34.2,11.30%,17.75,124.50,124.88,0.00,9.35,110.85,8.67,17.34,0.00,0.00,0.00,395.59,4.71,0.06,,,,,,,,,,0.95,0.975,0.95,0.975,,4.59,4.47,4.59,4.47,4.48,4.36,4.36,4.25,0.07,0.06,0.06,0.06,0.06,0.06,0.06,0.06,0.06
Cole Perfetti,WPG,LW/RW,1,84,23.9,31.9,55.7,16.6,197.0,72.7,45.5,23.9,12.1%,17.00,119.50,119.63,0.00,8.30,98.50,21.81,27.30,0.00,0.00,0.00,395.04,4.70,0.06,,,,,,,,,,1.08,1.04,1.04,1.02,,4.89,5.08,4.80,4.89,4.99,5.09,5.18,5.28,0.06,0.06,0.06,0.06,0.06,0.06,0.06,0.07,0.07
Valeri Nichushkin,CBJ,LW/RW,1,84,25.7,29.9,55.6,14.0,201.1,80.9,35.6,26.0,12.80%,19.25,128.50,112.13,0.00,7.00,100.55,24.27,21.36,0.00,0.00,0.00,393.81,4.69,0.04,,,,,,,,,,1.08,1.04,0.9,0.95,,4.88,5.06,4.45,4.22,4.63,4.39,4.81,4.56,0.04,0.05,0.05,0.04,0.04,0.04,0.04,0.05,0.04
Brandon Montour,SEA,D,2,84,14.5,26.6,41.1,10.1,226.3,138.3,102.7,63.0,6.4%,22.75,72.50,99.75,0.00,5.05,113.15,41.49,61.62,0.00,0.00,0.00,393.56,4.69,0.83,,,,,,,,,,1,1,1,1,,4.69,4.69,4.69,4.69,4.69,4.69,4.69,4.69,0.83,0.83,0.83,0.83,0.83,0.83,0.83,0.83,0.83
Charlie Coyle,CBJ,C,1,84,20.8,37.5,58.3,16.6,146.5,108.4,55.9,16.3,14.20%,18.25,104.00,140.63,0.00,8.30,73.25,32.52,33.54,0.00,0.00,0.00,392.24,4.67,0.02,,,,,,,,,,0.96,0.98,0.9,0.95,,4.58,4.48,4.44,4.20,4.35,4.12,4.26,4.03,0.03,0.03,0.03,0.02,0.02,0.02,0.02,0.02,0.02
Bobby McMann,SEA,LW/RW,2,84,31.0,19.3,50.2,10.1,215.6,128.8,21.0,31.5,14.4%,17.00,155.00,72.38,0.00,5.05,107.80,38.64,12.60,0.00,0.00,0.00,391.47,4.66,0.02,,,,,,,,,,1.08,1.04,1,1,,4.85,5.03,4.66,4.66,4.85,4.85,5.03,5.03,0.02,0.02,0.02,0.02,0.02,0.02,0.02,0.02,0.02
Tyler Bertuzzi,CHI,LW/RW,1,84,29.4,29.1,58.5,20.3,178.2,62.4,28.8,46.5,16.50%,18.50,147.00,109.13,0.00,10.15,89.10,18.72,17.28,0.00,0.00,0.00,391.38,4.66,0.02,,,,,,,,,,1.08,1.04,1.09,1.045,,4.85,5.03,4.87,5.08,5.06,5.28,5.26,5.48,0.02,0.02,0.02,0.02,0.02,0.02,0.02,0.02,0.02
JJ Peterka,BOS,LW/RW,1,84,27.6,37.0,64.6,16.3,177.4,20.0,18.0,28.4,15.5%,16.75,138.00,138.75,0.00,8.15,88.70,6.00,10.80,0.00,0.00,0.00,390.40,4.65,0.00,,,,,,,,,,1.08,1.04,0.93,0.965,,4.83,5.02,4.48,4.32,4.66,4.50,4.84,4.67,0.00,0.00,0.00,0.00,0.00,0.00,0.00,0.00,0.00
Brock Boeser,VAN,LW/RW,1,84,25.8,31.8,57.6,21.8,182.2,63.2,34.7,11.5,14.10%,19.00,129.00,119.25,0.00,10.90,91.10,18.96,20.82,0.00,0.00,0.00,390.03,4.64,0.00,,,,,,,,,,1.08,1.04,1.02,1.01,,4.83,5.01,4.69,4.74,4.88,4.93,5.06,5.11,0.00,0.00,0.00,0.00,0.00,0.00,0.00,0.00,0.00
Dougie Hamilton,NJD,D,2,84,13.6,29.6,43.2,14.3,231.2,97.4,98.4,48.0,5.9%,21.50,68.00,111.00,0.00,7.15,115.60,29.22,59.04,0.00,0.00,0.00,390.01,4.64,0.76,,,,,,,,,,1,1,0.93,0.965,,4.64,4.64,4.48,4.32,4.48,4.32,4.48,4.32,0.79,0.79,0.79,0.76,0.73,0.76,0.73,0.76,0.73
Elias Lindholm,BOS,C,1,84,21.6,35.7,57.3,23.4,149.1,57.8,73.9,29.4,14.50%,18.00,108.00,133.88,0.00,11.70,74.55,17.34,44.34,0.00,0.00,0.00,389.81,4.64,0.00,,,,,,,,,,0.96,0.98,0.93,0.965,,4.55,4.45,4.48,4.32,4.39,4.23,4.30,4.14,0.00,0.00,0.00,0.00,0.00,0.00,0.00,0.00,0.00
Frank Nazar,CHI,C,1,84,23.3,32.8,56.1,16.8,187.4,49.6,55.3,38.1,12.4%,18.75,116.50,123.00,0.00,8.40,93.70,14.88,33.18,0.00,0.00,0.00,389.66,4.64,0.00,,,,,,,,,,0.96,0.98,1.09,1.045,,4.55,4.45,4.85,5.06,4.75,4.96,4.65,4.85,0.00,0.00,0.00,0.00,0.00,0.00,0.00,0.00,0.00
William Eklund,OTT,LW/RW,1,84,20.6,37.1,57.7,20.7,181.7,61.5,45.5,31.1,11.30%,17.25,103.00,139.13,0.00,10.35,90.85,18.45,27.30,0.00,0.00,0.00,389.08,4.63,-0.01,,,,,,,,,,1.08,1.04,0.97,0.985,,4.82,5.00,4.56,4.49,4.74,4.67,4.93,4.85,-0.01,-0.01,-0.01,-0.01,-0.01,-0.01,-0.01,-0.01,-0.01
Patrick Kane,CHI,RW,1,84,19.3,42.6,61.9,21.2,200.4,21.8,25.8,17.8,9.6%,18.00,96.50,159.75,0.00,10.60,100.20,6.54,15.48,0.00,0.00,0.00,389.07,4.63,-0.01,,,,,,,,,,0.95,0.975,1.09,1.045,,4.52,4.40,4.84,5.05,4.72,4.92,4.60,4.80,-0.01,-0.01,-0.01,-0.01,-0.01,-0.01,-0.01,-0.01,-0.01
Jack Quinn,BUF,RW,2,84,26.8,29.5,56.2,12.0,211.8,53.7,27.1,17.3,12.60%,16.00,134.00,110.63,0.00,6.00,105.90,16.11,16.26,0.00,0.00,0.00,388.90,4.63,-0.01,,,,,,,,,,0.95,0.975,0.95,0.975,,4.51,4.40,4.51,4.40,4.40,4.29,4.29,4.18,-0.01,-0.01,-0.01,-0.01,-0.01,-0.01,-0.01,-0.01,-0.01
Ivan Demidov,MTL,RW,1,84,20.2,46.8,66.9,20.5,148.1,29.4,31.2,32.6,13.6%,16.50,101.00,175.50,0.00,10.25,74.05,8.82,18.72,0.00,0.00,0.00,388.34,4.62,-0.02,,,,,,,,,,0.95,0.975,1,1,,4.51,4.39,4.62,4.62,4.51,4.51,4.39,4.39,-0.02,-0.02,-0.02,-0.02,-0.02,-0.02,-0.02,-0.02,-0.02
Carter Verhaeghe,FLA,LW,2,84,28.3,26.6,54.9,10.9,209.7,72.7,24.9,38.1,13.50%,16.50,141.50,99.75,0.00,5.45,104.85,21.81,14.94,0.00,0.00,0.00,388.30,4.62,-0.02,,,,,,,,,,1.06,1.03,1,1,,4.76,4.90,4.62,4.62,4.76,4.76,4.90,4.90,-0.02,-0.02,-0.02,-0.02,-0.02,-0.02,-0.02,-0.02,-0.02
Seth Jones,FLA,D,1,84,9.3,43.0,52.3,22.2,164.4,91.8,99.0,25.8,5.7%,23.50,46.50,161.25,0.00,11.10,82.20,27.54,59.40,0.00,0.00,0.00,387.99,4.62,0.76,,,,,,,,,,1,1,1,1,,4.62,4.62,4.62,4.62,4.62,4.62,4.62,4.62,0.76,0.76,0.76,0.76,0.76,0.76,0.76,0.76,0.76
Ivan Barbashev,VGK,LW,2,84,22.7,37.7,60.4,4.5,131.2,139.3,37.8,11.2,17.30%,16.00,113.50,141.38,0.00,2.25,65.60,41.79,22.68,0.00,0.00,0.00,387.20,4.61,-0.03,,,,,,,,,,1.06,1.03,1,1,,4.75,4.89,4.61,4.61,4.75,4.75,4.89,4.89,-0.03,-0.03,-0.04,-0.03,-0.03,-0.03,-0.03,-0.04,-0.04
Jackson Blake,CAR,RW,2,84,24.5,36.7,61.2,14.8,186.9,15.2,35.5,37.9,13.1%,16.75,122.50,137.63,0.00,7.40,93.45,4.56,21.30,0.00,0.00,0.00,386.84,4.61,-0.04,,,,,,,,,,0.95,0.975,1,1,,4.49,4.37,4.61,4.61,4.49,4.49,4.37,4.37,-0.04,-0.04,-0.04,-0.04,-0.04,-0.04,-0.04,-0.04,-0.04
Mikael Granlund,ANA,C/LW,2,84,20.9,37.4,58.3,14.3,159.4,52.3,65.2,24.0,13.10%,19.25,104.50,140.25,0.00,7.15,79.70,15.69,39.12,0.00,0.00,0.00,386.41,4.60,-0.05,,,,,,,,,,1.09,1.045,1.09,1.045,,4.81,5.01,4.81,5.01,5.02,5.24,5.24,5.47,-0.04,-0.05,-0.05,-0.05,-0.05,-0.05,-0.05,-0.05,-0.05
Shane Pinto,OTT,C,2,84,27.9,23.1,50.9,6.7,182.2,101.1,58.9,42.2,15.3%,18.50,139.50,86.63,0.00,3.35,91.10,30.33,35.34,0.00,0.00,0.00,386.25,4.60,-0.04,,,,,,,,,,0.96,0.98,0.97,0.985,,4.51,4.41,4.53,4.46,4.44,4.37,4.35,4.28,-0.05,-0.04,-0.04,-0.04,-0.04,-0.04,-0.04,-0.04,-0.04
Ivar Stenberg,SJS,LW,1,84,23.8,35.7,59.5,16.5,181.7,29.9,39.9,20.0,13.10%,16.75,119.00,133.88,0.00,8.25,90.85,8.97,23.94,0.00,0.00,0.00,384.89,4.58,-0.07,,,,,,,,,,1.06,1.03,1.09,1.045,,4.72,4.86,4.79,4.99,4.93,5.14,5.08,5.29,-0.06,-0.06,-0.06,-0.06,-0.07,-0.07,-0.07,-0.07,-0.07
Zach Benson,BUF,LW,2,84,21.4,40.0,61.4,12.7,174.0,52.9,31.1,57.8,12.3%,17.25,107.00,150.00,0.00,6.35,87.00,15.87,18.66,0.00,0.00,0.00,384.88,4.58,-0.06,,,,,,,,,,1.06,1.03,0.95,0.975,,4.72,4.86,4.47,4.35,4.60,4.48,4.74,4.61,-0.06,-0.06,-0.06,-0.06,-0.06,-0.06,-0.06,-0.06,-0.06
Blake Coleman,MIN,C/LW,2,84,22.9,21.9,44.8,5.7,191.4,179.2,57.1,56.0,12.00%,17.00,114.50,82.13,0.00,2.85,95.70,53.76,34.26,0.00,0.00,0.00,383.20,4.56,-0.08,,,,,,,,,,1.09,1.045,0.9,0.95,,4.77,4.97,4.33,4.11,4.53,4.29,4.72,4.48,-0.08,-0.09,-0.09,-0.08,-0.07,-0.08,-0.08,-0.08,-0.08
Thomas Harley,DAL,D,2,84,13.9,32.0,45.9,9.4,140.4,41.2,175.4,24.5,9.9%,23.25,69.50,120.00,0.00,4.70,70.20,12.36,105.24,0.00,0.00,0.00,382.00,4.55,0.71,,,,,,,,,,1,1,1.04,1.02,,4.55,4.55,4.64,4.73,4.64,4.73,4.64,4.73,0.69,0.69,0.69,0.71,0.72,0.71,0.72,0.71,0.72
Boone Jenner,WSH,C/LW,,84,20.7,24.4,45.0,6.4,177.6,169.4,73.6,46.0,11.60%,16.75,103.50,91.50,0.00,3.20,88.80,50.82,44.16,0.00,0.00,0.00,381.98,4.55,-0.11,,,,,,,,,,1.09,1.045,1.19,1.095,,4.75,4.96,4.98,5.41,5.20,5.65,5.43,5.90,-0.10,-0.10,-0.10,-0.10,-0.11,-0.11,-0.12,-0.11,-0.12
Jacob Trouba,SJS,D,2,84,9.3,24.7,34.0,3.2,171.2,154.7,178.5,55.3,5.4%,23.00,46.50,92.63,0.00,1.60,85.60,46.41,107.10,0.00,0.00,0.00,379.84,4.52,0.70,,,,,,,,,,1,1,1.09,1.045,,4.52,4.52,4.73,4.93,4.73,4.93,4.73,4.93,0.67,0.67,0.67,0.70,0.73,0.70,0.73,0.70,0.73
Ryan Leonard,WSH,RW,2,84,23.5,27.8,51.2,12.3,177.8,144.2,31.2,53.3,13.20%,14.75,117.50,104.25,0.00,6.15,88.90,43.26,18.72,0.00,0.00,0.00,378.78,4.51,-0.14,,,,,,,,,,0.95,0.975,1.19,1.095,,4.40,4.28,4.94,5.37,4.81,5.23,4.69,5.10,-0.13,-0.13,-0.13,-0.15,-0.16,-0.14,-0.16,-0.14,-0.15
Brock Faber,MIN,D,2,84,13.9,32.1,46.0,6.9,171.0,32.5,149.9,34.1,8.1%,24.25,69.50,120.38,0.00,3.45,85.50,9.75,89.94,0.00,0.00,0.00,378.52,4.51,0.62,,,,,,,,,,1,1,0.9,0.95,,4.51,4.51,4.28,4.06,4.28,4.06,4.28,4.06,0.65,0.65,0.65,0.62,0.59,0.62,0.59,0.62,0.59
Will Cuylle,NYR,LW/RW,2,84,20.5,16.4,36.9,6.7,154.2,308.6,68.3,57.8,13.30%,16.50,102.50,61.50,0.00,3.35,77.10,92.58,40.98,0.00,0.00,0.00,378.01,4.50,-0.16,,,,,,,,,,1.08,1.04,1.16,1.08,,4.68,4.86,4.86,5.22,5.05,5.43,5.25,5.64,-0.14,-0.15,-0.15,-0.15,-0.17,-0.16,-0.17,-0.17,-0.18
Mackenzie Weegar,UTA,D,2,84,5.9,29.5,35.4,4.8,149.4,168.2,180.6,66.9,3.9%,20.75,29.50,110.63,0.00,2.40,74.70,50.46,108.36,0.00,0.00,0.00,376.05,4.48,0.66,,,,,,,,,,1,1,1.12,1.06,,4.48,4.48,4.75,5.01,4.75,5.01,4.75,5.01,0.62,0.62,0.62,0.66,0.70,0.66,0.70,0.66,0.70
Aliaksei Protas,WSH,LW/RW,,84,27.6,31.0,58.6,2.5,169.1,32.2,42.7,21.0,16.30%,17.50,138.00,116.25,0.00,1.25,84.55,9.66,25.62,0.00,0.00,0.00,375.33,4.47,-0.20,,,,,,,,,,1.08,1.04,1.19,1.095,,4.65,4.83,4.89,5.32,5.09,5.53,5.28,5.74,-0.17,-0.18,-0.19,-0.19,-0.21,-0.20,-0.22,-0.21,-0.22
Matt Duchene,DAL,C/RW,2,84,24.3,38.7,63.0,19.4,140.3,34.9,29.9,12.0,17.3%,16.75,121.50,145.13,0.00,9.70,70.15,10.47,17.94,0.00,0.00,0.00,374.89,4.46,-0.18,,,,,,,,,,1.01,1.005,1.04,1.02,,4.49,4.51,4.55,4.64,4.57,4.66,4.60,4.69,-0.18,-0.18,-0.18,-0.18,-0.19,-0.18,-0.19,-0.19,-0.19
Josh Norris,BUF,C,1,84,22.6,37.7,60.3,15.9,134.8,46.0,49.9,50.9,16.70%,15.75,113.00,141.38,0.00,7.95,67.40,13.80,29.94,0.00,0.00,0.00,373.47,4.45,-0.19,,,,,,,,,,0.96,0.98,0.95,0.975,,4.36,4.27,4.33,4.22,4.25,4.14,4.16,4.05,-0.20,-0.19,-0.19,-0.19,-0.19,-0.19,-0.18,-0.18,-0.18
Matvei Michkov,PHI,LW/RW,2,84,21.9,38.5,60.4,15.3,175.3,34.0,22.3,58.8,12.5%,15.50,109.50,144.38,0.00,7.65,87.65,10.20,13.38,0.00,0.00,0.00,372.76,4.44,-0.22,,,,,,,,,,1.08,1.04,1.04,1.02,,4.62,4.79,4.53,4.62,4.71,4.80,4.89,4.98,-0.21,-0.21,-0.22,-0.21,-0.21,-0.22,-0.22,-0.23,-0.23
Jordan Eberle,SEA,RW,1,84,24.7,31.0,55.7,15.1,170.9,44.4,44.4,30.5,14.40%,18.25,123.50,116.25,0.00,7.55,85.45,13.32,26.64,0.00,0.00,0.00,372.71,4.44,-0.20,,,,,,,,,,0.95,0.975,1,1,,4.33,4.22,4.44,4.44,4.33,4.33,4.22,4.22,-0.21,-0.20,-0.20,-0.21,-0.21,-0.20,-0.20,-0.20,-0.20
Thomas Chabot,OTT,D,2,84,9.5,35.2,44.8,9.5,159.3,56.2,152.9,26.6,6.0%,22.25,47.50,132.00,0.00,4.75,79.65,16.86,91.74,0.00,0.00,0.00,372.50,4.43,0.57,,,,,,,,,,1,1,0.97,0.985,,4.43,4.43,4.37,4.30,4.37,4.30,4.37,4.30,0.58,0.58,0.58,0.57,0.56,0.57,0.56,0.57,0.56
Anton Frondell,CHI,C,2,84,26.1,23.3,49.4,17.3,210.7,53.9,39.2,24.5,12.40%,16.75,130.50,87.38,0.00,8.65,105.35,16.17,23.52,0.00,0.00,0.00,371.57,4.42,-0.23,,,,,,,,,,0.96,0.98,1.09,1.045,,4.33,4.25,4.62,4.82,4.53,4.73,4.44,4.63,-0.22,-0.22,-0.21,-0.23,-0.24,-0.23,-0.23,-0.22,-0.23
Lawson Crouse,UTA,LW/RW,2,84,22.0,21.9,43.9,2.0,150.6,230.0,56.6,46.1,14.6%,17.00,110.00,82.13,0.00,1.00,75.30,69.00,33.96,0.00,0.00,0.00,371.39,4.42,-0.24,,,,,,,,,,1.08,1.04,1.12,1.06,,4.60,4.77,4.69,4.95,4.87,5.15,5.06,5.35,-0.22,-0.23,-0.24,-0.24,-0.25,-0.24,-0.26,-0.25,-0.27
Gavin McKenna,TOR,LW,1,84,22.4,40.1,62.5,20.4,162.8,15.2,20.3,25.4,13.80%,17.25,112.00,150.38,0.00,10.20,81.40,4.56,12.18,0.00,0.00,0.00,370.72,4.41,-0.23,,,,,,,,,,1.06,1.03,0.97,0.985,,4.55,4.68,4.35,4.28,4.48,4.41,4.61,4.54,-0.23,-0.24,-0.24,-0.23,-0.22,-0.23,-0.23,-0.24,-0.24
Brayden Schenn,NYI,C/LW,1,84,19.6,30.6,50.1,14.6,133.9,178.7,44.4,45.4,14.6%,16.25,98.00,114.75,0.00,7.30,66.95,53.61,26.64,0.00,0.00,0.00,367.25,4.37,-0.27,,,,,,,,,,1.09,1.045,0.9,0.95,,4.57,4.77,4.15,3.93,4.34,4.11,4.53,4.29,-0.27,-0.28,-0.30,-0.26,-0.24,-0.27,-0.26,-0.28,-0.27
Luke Evangelista,NSH,LW/RW,1,84,15.8,44.8,60.5,15.6,180.6,25.4,20.3,30.4,8.70%,16.75,79.00,168.00,0.00,7.80,90.30,7.62,12.18,0.00,0.00,0.00,364.90,4.34,-0.27,,,,,,,,,,1.08,1.04,0.76,0.88,,4.52,4.69,3.82,3.30,3.98,3.43,4.13,3.57,-0.30,-0.31,-0.32,-0.26,-0.23,-0.27,-0.24,-0.28,-0.25
Bowen Byram,CHI,D,1,84,13.4,35.0,48.4,17.4,127.1,75.5,118.9,50.6,10.6%,24.75,67.00,131.25,0.00,8.70,63.55,22.65,71.34,0.00,0.00,0.00,364.49,4.34,0.51,,,,,,,,,,1,1,1.09,1.045,,4.34,4.34,4.53,4.73,4.53,4.73,4.53,4.73,0.48,0.48,0.48,0.51,0.53,0.51,0.53,0.51,0.53
Kiefer Sherwood,SJS,LW/RW,,84,19.5,16.6,36.1,2.4,155.1,355.6,31.3,40.6,12.60%,15.00,97.50,62.25,0.00,1.20,77.55,106.68,18.78,0.00,0.00,0.00,363.96,4.33,-0.34,,,,,,,,,,1.08,1.04,1.09,1.045,,4.51,4.68,4.53,4.72,4.71,4.91,4.89,5.10,-0.31,-0.32,-0.34,-0.32,-0.34,-0.34,-0.35,-0.35,-0.37
Anders Lee,UTA,LW,2,84,26.1,19.3,45.4,7.9,202.7,108.0,38.5,41.0,12.9%,15.25,130.50,72.38,0.00,3.95,101.35,32.40,23.10,0.00,0.00,0.00,363.68,4.33,-0.34,,,,,,,,,,1.06,1.03,1.12,1.06,,4.46,4.59,4.59,4.85,4.73,4.99,4.86,5.14,-0.31,-0.32,-0.33,-0.33,-0.35,-0.34,-0.36,-0.35,-0.37
Luke Hughes,NJD,D,1,84,10.8,42.3,53.1,22.1,181.9,23.4,69.9,31.0,5.90%,23.25,54.00,158.63,0.00,11.05,90.95,7.02,41.94,0.00,0.00,0.00,363.59,4.33,0.46,,,,,,,,,,1,1,0.93,0.965,,4.33,4.33,4.18,4.03,4.18,4.03,4.18,4.03,0.47,0.47,0.47,0.46,0.44,0.46,0.44,0.46,0.44
Anton Lundell,FLA,C,2,84,21.1,27.9,49.0,9.7,167.0,105.4,49.7,40.7,12.6%,17.50,105.50,104.63,0.00,4.85,83.50,31.62,29.82,0.00,0.00,0.00,359.92,4.28,-0.35,,,,,,,,,,0.96,0.98,1,1,,4.20,4.11,4.28,4.28,4.20,4.20,4.11,4.11,-0.36,-0.35,-0.34,-0.36,-0.36,-0.35,-0.35,-0.34,-0.34
Filip Hronek,VAN,D,2,84,7.7,37.6,45.3,14.7,139.7,126.9,107.1,38.7,5.50%,24.25,38.50,141.00,0.00,7.35,69.85,38.07,64.26,0.00,0.00,0.00,359.03,4.27,0.42,,,,,,,,,,1,1,1.02,1.01,,4.27,4.27,4.32,4.36,4.32,4.36,4.32,4.36,0.42,0.42,0.42,0.42,0.43,0.42,0.43,0.42,0.43
Matty Beniers,SEA,C,1,84,20.8,32.2,53.0,13.5,149.7,33.8,68.7,20.7,13.9%,19.25,104.00,120.75,0.00,6.75,74.85,10.14,41.22,0.00,0.00,0.00,357.71,4.26,-0.38,,,,,,,,,,0.96,0.98,1,1,,4.17,4.09,4.26,4.26,4.17,4.17,4.09,4.09,-0.38,-0.38,-0.37,-0.38,-0.38,-0.38,-0.38,-0.37,-0.37
Chris Kreider,ANA,LW,1,84,24.0,29.5,53.4,17.1,157.2,81.0,24.1,33.1,15.30%,17.00,120.00,110.63,0.00,8.55,78.60,24.30,14.46,0.00,0.00,0.00,356.54,4.24,-0.43,,,,,,,,,,1.06,1.03,1.09,1.045,,4.37,4.50,4.44,4.63,4.57,4.77,4.70,4.90,-0.40,-0.41,-0.42,-0.42,-0.43,-0.43,-0.45,-0.44,-0.46
Vince Dunn,SEA,D,1,84,13.2,33.5,46.8,20.9,182.2,26.9,89.6,49.2,7.3%,21.25,66.00,125.63,0.00,10.45,91.10,8.07,53.76,0.00,0.00,0.00,355.01,4.23,0.37,,,,,,,,,,1,1,1,1,,4.23,4.23,4.23,4.23,4.23,4.23,4.23,4.23,0.37,0.37,0.37,0.37,0.37,0.37,0.37,0.37,0.37
Jason Zucker,BUF,LW,1,84,24.2,28.1,52.3,18.3,159.0,77.2,25.7,28.6,15.20%,15.00,121.00,105.38,0.00,9.15,79.50,23.16,15.42,0.00,0.00,0.00,353.61,4.21,-0.44,,,,,,,,,,1.06,1.03,0.95,0.975,,4.34,4.46,4.10,4.00,4.23,4.12,4.35,4.24,-0.43,-0.45,-0.46,-0.42,-0.41,-0.44,-0.42,-0.45,-0.44
Mats Zuccarello,LAK,RW,2,84,17.8,40.0,57.8,15.0,153.3,28.4,35.5,25.1,11.6%,17.00,89.00,150.00,0.00,7.50,76.65,8.52,21.30,0.00,0.00,0.00,352.97,4.20,-0.42,,,,,,,,,,0.95,0.975,0.97,0.985,,4.10,3.99,4.14,4.08,4.04,3.97,3.93,3.87,-0.44,-0.43,-0.42,-0.43,-0.43,-0.42,-0.42,-0.41,-0.41
Artturi Lehkonen,COL,LW/RW,2,84,25.7,25.3,51.1,7.5,175.9,45.8,40.0,25.8,14.60%,18.00,128.50,94.88,0.00,3.75,87.95,13.74,24.00,0.00,0.00,0.00,352.82,4.20,-0.49,,,,,,,,,,1.08,1.04,1.14,1.07,,4.37,4.54,4.49,4.79,4.67,4.98,4.85,5.17,-0.44,-0.46,-0.48,-0.47,-0.51,-0.49,-0.53,-0.51,-0.55
Morgan Frost,CGY,C,1,84,22.0,27.6,49.6,18.4,160.2,70.5,48.1,23.5,13.7%,16.75,110.00,103.50,0.00,9.20,80.10,21.15,28.86,0.00,0.00,0.00,352.81,4.20,-0.42,,,,,,,,,,0.96,0.98,0.95,0.975,,4.12,4.03,4.10,3.99,4.01,3.91,3.93,3.83,-0.44,-0.43,-0.43,-0.43,-0.42,-0.42,-0.41,-0.41,-0.40
Taylor Hall,CAR,LW,2,84,18.2,37.9,56.2,10.0,152.1,57.3,34.5,45.0,12.00%,15.25,91.00,142.13,0.00,5.00,76.05,17.19,20.70,0.00,0.00,0.00,352.07,4.19,-0.47,,,,,,,,,,1.06,1.03,1,1,,4.32,4.44,4.19,4.19,4.32,4.32,4.44,4.44,-0.45,-0.47,-0.48,-0.45,-0.45,-0.47,-0.47,-0.48,-0.48
Darnell Nurse,SJS,D,,84,8.2,21.5,29.7,2.3,179.4,154.4,155.1,81.4,4.6%,22.00,41.00,80.63,0.00,1.15,89.70,46.32,93.06,0.00,0.00,0.00,351.86,4.19,0.35,,,,,,,,,,1,1,1.09,1.045,,4.19,4.19,4.38,4.57,4.38,4.57,4.38,4.57,0.33,0.33,0.33,0.35,0.36,0.35,0.36,0.35,0.36
Trevor Moore,LAK,LW/RW,2,84,22.1,22.1,44.2,3.5,202.6,88.6,45.1,16.8,10.90%,17.25,110.50,82.88,0.00,1.75,101.30,26.58,27.06,0.00,0.00,0.00,350.07,4.17,-0.49,,,,,,,,,,1.08,1.04,0.97,0.985,,4.33,4.50,4.10,4.04,4.27,4.20,4.43,4.37,-0.48,-0.49,-0.51,-0.47,-0.46,-0.49,-0.48,-0.51,-0.50
Mason McTavish,STL,C,1,84,21.1,29.3,50.4,11.9,158.1,89.8,35.6,41.7,13.4%,16.00,105.50,109.88,0.00,5.95,79.05,26.94,21.36,0.00,0.00,0.00,348.68,4.15,-0.44,,,,,,,,,,0.96,0.98,0.81,0.905,,4.07,3.98,3.76,3.36,3.68,3.29,3.61,3.23,-0.49,-0.48,-0.47,-0.45,-0.40,-0.44,-0.39,-0.43,-0.38
Jonathan Huberdeau,CGY,LW/RW,1,84,18.7,32.7,51.4,16.2,146.2,51.1,56.6,56.8,12.80%,18.75,93.50,122.63,0.00,8.10,73.10,15.33,33.96,0.00,0.00,0.00,346.62,4.13,-0.52,,,,,,,,,,1.08,1.04,0.95,0.975,,4.29,4.46,4.02,3.92,4.18,4.08,4.35,4.23,-0.52,-0.54,-0.56,-0.50,-0.49,-0.52,-0.51,-0.54,-0.53
Mackie Samoskevich,SEA,RW,2,84,22.4,21.7,44.1,12.0,167.7,133.0,37.1,23.2,13.4%,15.50,112.00,81.38,0.00,6.00,83.85,39.90,22.26,0.00,0.00,0.00,345.39,4.11,-0.52,,,,,,,,,,0.95,0.975,1,1,,4.01,3.91,4.11,4.11,4.01,4.01,3.91,3.91,-0.53,-0.52,-0.50,-0.53,-0.53,-0.52,-0.52,-0.50,-0.50
Anthony Mantha,NJD,LW/RW,1,84,23.0,26.3,49.4,15.7,149.1,68.3,41.0,41.8,15.40%,15.50,115.00,98.63,0.00,7.85,74.55,20.49,24.60,0.00,0.00,0.00,341.12,4.06,-0.58,,,,,,,,,,1.08,1.04,0.93,0.965,,4.22,4.39,3.92,3.78,4.08,3.93,4.23,4.08,-0.58,-0.61,-0.63,-0.56,-0.54,-0.58,-0.56,-0.61,-0.58
Simon Nemec,CGY,D,1,84,13.0,29.8,42.8,14.4,152.4,26.3,121.3,32.9,8.6%,21.75,65.00,111.75,0.00,7.20,76.20,7.89,72.78,0.00,0.00,0.00,340.82,4.06,0.20,,,,,,,,,,1,1,0.95,0.975,,4.06,4.06,3.96,3.85,3.96,3.85,3.96,3.85,0.20,0.20,0.20,0.20,0.19,0.20,0.19,0.20,0.19
Mathieu Olivier,CBJ,RW,,84,18.6,15.2,33.8,0.0,124.2,299.0,63.5,141.8,15.00%,14.25,93.00,57.00,0.00,0.00,62.10,89.70,38.10,0.00,0.00,0.00,339.90,4.05,-0.55,,,,,,,,,,0.95,0.975,0.9,0.95,,3.95,3.84,3.84,3.64,3.75,3.55,3.65,3.46,-0.60,-0.58,-0.57,-0.57,-0.54,-0.55,-0.52,-0.54,-0.51
Emil Heineman,NYI,LW/RW,2,84,20.1,12.9,33.0,4.8,162.1,245.9,51.6,20.8,12.4%,15.75,100.50,48.38,0.00,2.40,81.05,73.77,30.96,0.00,0.00,0.00,337.06,4.01,-0.62,,,,,,,,,,1.08,1.04,0.9,0.95,,4.17,4.33,3.81,3.61,3.96,3.76,4.12,3.90,-0.63,-0.66,-0.68,-0.60,-0.57,-0.62,-0.59,-0.65,-0.61
Kyle Palmieri,NYI,RW,2,84,23.5,22.2,45.7,12.9,179.4,58.5,36.7,23.6,13.10%,17.25,117.50,83.25,0.00,6.45,89.70,17.55,22.02,0.00,0.00,0.00,336.47,4.01,-0.59,,,,,,,,,,0.95,0.975,0.9,0.95,,3.91,3.81,3.81,3.61,3.71,3.51,3.62,3.42,-0.64,-0.62,-0.61,-0.61,-0.57,-0.59,-0.56,-0.58,-0.55
Mavrik Bourque,NSH,C/RW,2,84,20.0,30.8,50.7,13.5,142.8,78.4,31.0,18.6,14.0%,16.25,100.00,115.50,0.00,6.75,71.40,23.52,18.60,0.00,0.00,0.00,335.77,4.00,-0.57,,,,,,,,,,1.01,1.005,0.76,0.88,,4.02,4.04,3.52,3.04,3.54,3.05,3.55,3.07,-0.65,-0.65,-0.65,-0.57,-0.49,-0.57,-0.49,-0.57,-0.50
Neal Pionk,WPG,D,2,84,4.9,30.2,35.0,7.5,139.1,171.9,121.9,56.9,3.50%,22.25,24.50,113.25,0.00,3.75,69.55,51.57,73.14,0.00,0.00,0.00,335.76,4.00,0.14,,,,,,,,,,1,1,1.04,1.02,,4.00,4.00,4.08,4.16,4.08,4.16,4.08,4.16,0.14,0.14,0.14,0.14,0.15,0.14,0.15,0.14,0.15
Cole Hutson,WSH,D,2,84,9.7,35.5,45.2,15.9,156.5,102.9,61.3,47.6,6.2%,19.50,48.50,133.13,0.00,7.95,78.25,30.87,36.78,0.00,0.00,0.00,335.48,3.99,0.15,,,,,,,,,,1,1,1.19,1.095,,3.99,3.99,4.37,4.75,4.37,4.75,4.37,4.75,0.14,0.14,0.14,0.15,0.16,0.15,0.16,0.15,0.16
K'Andre Miller,CAR,D,2,84,8.4,34.4,42.8,4.9,137.2,119.0,95.9,51.3,6.10%,22.50,42.00,129.00,0.00,2.45,68.60,35.70,57.54,0.00,0.00,0.00,335.29,3.99,0.14,,,,,,,,,,1,1,1,1,,3.99,3.99,3.99,3.99,3.99,3.99,3.99,3.99,0.14,0.14,0.14,0.14,0.14,0.14,0.14,0.14,0.14
Sean Walker,CAR,D,,84,9.1,22.6,31.7,1.5,176.1,137.2,123.9,58.4,5.2%,21.50,45.50,84.75,0.00,0.75,88.05,41.16,74.34,0.00,0.00,0.00,334.55,3.98,0.13,,,,,,,,,,1,1,1,1,,3.98,3.98,3.98,3.98,3.98,3.98,3.98,3.98,0.13,0.13,0.13,0.13,0.13,0.13,0.13,0.13,0.13
Logan Stankoven,CAR,C/RW,2,84,21.3,28.5,49.8,10.2,175.0,44.1,24.5,19.6,12.20%,15.50,106.50,106.88,0.00,5.10,87.50,13.23,14.70,0.00,0.00,0.00,333.91,3.98,-0.67,,,,,,,,,,1.01,1.005,1,1,,3.99,4.01,3.98,3.98,3.99,3.99,4.01,4.01,-0.67,-0.67,-0.67,-0.67,-0.67,-0.67,-0.67,-0.67,-0.67
Vasily Podkolzin,EDM,LW/RW,2,84,17.4,19.6,37.0,3.0,135.9,235.2,53.9,58.8,12.8%,14.50,87.00,73.50,0.00,1.50,67.95,70.56,32.34,0.00,0.00,0.00,332.85,3.96,-0.74,,,,,,,,,,1.08,1.04,1.09,1.045,,4.12,4.28,4.14,4.32,4.31,4.49,4.47,4.66,-0.68,-0.71,-0.74,-0.71,-0.74,-0.74,-0.77,-0.77,-0.80
Rasmus Andersson,VGK,D,2,84,11.7,24.8,36.5,6.5,155.6,30.3,150.4,56.0,7.50%,21.50,58.50,93.00,0.00,3.25,77.80,9.09,90.24,0.00,0.00,0.00,331.88,3.95,0.10,,,,,,,,,,1,1,1,1,,3.95,3.95,3.95,3.95,3.95,3.95,3.95,3.95,0.10,0.10,0.10,0.10,0.10,0.10,0.10,0.10,0.10
Pavel Zacha,BOS,C/LW,2,84,19.7,34.1,53.9,10.9,131.6,62.3,25.9,21.5,15.0%,16.25,98.50,127.88,0.00,5.45,65.80,18.69,15.54,0.00,0.00,0.00,331.86,3.95,-0.70,,,,,,,,,,1.09,1.045,0.93,0.965,,4.13,4.31,3.81,3.67,3.98,3.84,4.16,4.00,-0.69,-0.72,-0.75,-0.67,-0.64,-0.70,-0.67,-0.73,-0.70
Sam Malinski,COL,D,,84,9.1,29.2,38.3,1.7,186.6,51.8,111.7,22.2,4.90%,19.00,45.50,109.50,0.00,0.85,93.30,15.54,67.02,0.00,0.00,0.00,331.71,3.95,0.10,,,,,,,,,,1,1,1.14,1.07,,3.95,3.95,4.23,4.50,4.23,4.50,4.23,4.50,0.09,0.09,0.09,0.10,0.11,0.10,0.11,0.10,0.11
Tyler Seguin,DAL,C/RW,2,84,24.0,28.0,52.0,10.7,146.3,49.9,20.0,10.8,16.4%,16.25,120.00,105.00,0.00,5.35,73.15,14.97,12.00,0.00,0.00,0.00,330.47,3.93,-0.73,,,,,,,,,,1.01,1.005,1.04,1.02,,3.95,3.97,4.01,4.09,4.03,4.11,4.05,4.13,-0.71,-0.71,-0.72,-0.72,-0.74,-0.73,-0.74,-0.73,-0.74
Mattias Ekholm,EDM,D,2,84,6.9,33.4,40.3,2.6,138.3,69.7,132.0,33.2,5.00%,20.50,34.50,125.25,0.00,1.30,69.15,20.91,79.20,0.00,0.00,0.00,330.31,3.93,0.08,,,,,,,,,,1,1,1.09,1.045,,3.93,3.93,4.11,4.29,4.11,4.29,4.11,4.29,0.08,0.08,0.08,0.08,0.08,0.08,0.08,0.08,0.08
Chandler Stephenson,SEA,C,1,84,16.9,38.1,54.9,16.6,97.9,22.9,60.4,17.8,17.2%,19.75,84.50,142.88,0.00,8.30,48.95,6.87,36.24,0.00,0.00,0.00,327.74,3.90,-0.73,,,,,,,,,,0.96,0.98,1,1,,3.82,3.75,3.90,3.90,3.82,3.82,3.75,3.75,-0.74,-0.73,-0.71,-0.74,-0.74,-0.73,-0.73,-0.71,-0.71
Mattias Samuelsson,BUF,D,,84,8.7,23.7,32.4,0.0,104.8,146.3,163.9,29.8,8.30%,22.75,43.50,88.88,0.00,0.00,52.40,43.89,98.34,0.00,0.00,0.00,327.01,3.89,0.04,,,,,,,,,,1,1,0.95,0.975,,3.89,3.89,3.80,3.70,3.80,3.70,3.80,3.70,0.04,0.04,0.04,0.04,0.04,0.04,0.04,0.04,0.04
William Karlsson,VGK,C,2,84,19.7,22.7,42.4,4.8,183.2,45.1,58.5,19.6,10.8%,16.50,98.50,85.13,0.00,2.40,91.60,13.53,35.10,0.00,0.00,0.00,326.26,3.88,-0.74,,,,,,,,,,0.96,0.98,1,1,,3.81,3.73,3.88,3.88,3.81,3.81,3.73,3.73,-0.76,-0.74,-0.73,-0.76,-0.76,-0.74,-0.74,-0.73,-0.73
Jonathan Marchessault,NSH,LW/RW,2,84,19.0,27.3,46.3,11.6,166.0,94.5,16.3,35.8,11.40%,16.00,95.00,102.38,0.00,5.80,83.00,28.35,9.78,0.00,0.00,0.00,324.31,3.86,-0.72,,,,,,,,,,1.08,1.04,0.76,0.88,,4.02,4.17,3.40,2.93,3.53,3.05,3.67,3.17,-0.78,-0.81,-0.85,-0.69,-0.59,-0.72,-0.62,-0.74,-0.64
Mike Matheson,MTL,D,,84,6.8,29.3,36.1,0.9,122.1,61.9,166.5,39.0,5.6%,23.75,34.00,109.88,0.00,0.45,61.05,18.57,99.90,0.00,0.00,0.00,323.85,3.86,0.00,,,,,,,,,,1,1,1,1,,3.86,3.86,3.86,3.86,3.86,3.86,3.86,3.86,0.00,0.00,0.00,0.00,0.00,0.00,0.00,0.00,0.00
Christian Dvorak,PHI,C,2,84,18.9,27.9,46.8,7.7,146.0,44.0,57.0,23.5,13.00%,18.25,94.50,104.63,0.00,3.85,73.00,13.20,34.20,0.00,0.00,0.00,323.38,3.85,-0.79,,,,,,,,,,0.96,0.98,1.04,1.02,,3.77,3.70,3.93,4.00,3.85,3.92,3.77,3.84,-0.79,-0.78,-0.76,-0.81,-0.83,-0.79,-0.81,-0.78,-0.79
Connor McMichael,STL,C/LW,2,84,18.9,29.3,48.2,6.9,152.3,44.2,42.5,34.0,12.4%,16.75,94.50,109.88,0.00,3.45,76.15,13.26,25.50,0.00,0.00,0.00,322.74,3.84,-0.76,,,,,,,,,,1.09,1.045,0.81,0.905,,4.01,4.19,3.48,3.11,3.63,3.25,3.79,3.39,-0.80,-0.84,-0.87,-0.73,-0.65,-0.76,-0.68,-0.79,-0.71
Justin Faulk,DET,D,2,84,9.4,22.5,31.9,5.6,153.4,79.7,144.8,32.4,6.10%,20.75,47.00,84.38,0.00,2.80,76.70,23.91,86.88,0.00,0.00,0.00,321.67,3.83,-0.03,,,,,,,,,,1,1,1.07,1.035,,3.83,3.83,3.96,4.10,3.96,4.10,3.96,4.10,-0.03,-0.03,-0.03,-0.03,-0.03,-0.03,-0.03,-0.03,-0.03
Travis Sanheim,PHI,D,,84,9.0,29.7,38.6,3.3,102.1,52.2,158.6,25.2,8.8%,24.00,45.00,111.38,0.00,1.65,51.05,15.66,95.16,0.00,0.00,0.00,319.90,3.81,-0.05,,,,,,,,,,1,1,1.04,1.02,,3.81,3.81,3.88,3.96,3.88,3.96,3.88,3.96,-0.05,-0.05,-0.05,-0.05,-0.05,-0.05,-0.05,-0.05,-0.05
Collin Graf,SJS,LW/RW,,84,21.4,22.6,43.9,2.2,139.0,91.0,49.8,15.0,15.40%,16.50,107.00,84.75,0.00,1.10,69.50,27.30,29.88,0.00,0.00,0.00,319.53,3.80,-0.91,,,,,,,,,,1.08,1.04,1.09,1.045,,3.96,4.11,3.98,4.15,4.13,4.31,4.29,4.48,-0.84,-0.87,-0.91,-0.88,-0.91,-0.91,-0.95,-0.95,-0.99
Pierre-Luc Dubois,WSH,C/LW,2,84,14.4,35.8,50.2,10.1,124.3,67.3,39.9,62.9,11.6%,16.00,72.00,134.25,0.00,5.05,62.15,20.19,23.94,0.00,0.00,0.00,317.58,3.78,-0.99,,,,,,,,,,1.09,1.045,1.19,1.095,,3.95,4.12,4.14,4.50,4.33,4.70,4.51,4.90,-0.86,-0.90,-0.94,-0.94,-1.03,-0.99,-1.07,-1.03,-1.12
Ross Colton,NSH,C/LW,2,84,17.0,19.2,36.2,4.6,148.4,187.5,46.2,16.8,11.50%,13.00,85.00,72.00,0.00,2.30,74.20,56.25,27.72,0.00,0.00,0.00,317.47,3.78,-0.79,,,,,,,,,,1.09,1.045,0.76,0.88,,3.95,4.12,3.33,2.87,3.48,3.00,3.63,3.13,-0.86,-0.90,-0.94,-0.76,-0.66,-0.79,-0.69,-0.83,-0.72
James Hagens,BOS,C,2,84,21.8,24.7,46.5,10.9,157.9,46.4,27.8,23.2,13.8%,15.25,109.00,92.63,0.00,5.45,78.95,13.92,16.68,0.00,0.00,0.00,316.63,3.77,-0.83,,,,,,,,,,0.96,0.98,0.93,0.965,,3.69,3.62,3.64,3.51,3.56,3.44,3.49,3.37,-0.87,-0.86,-0.84,-0.84,-0.81,-0.83,-0.80,-0.81,-0.78
Noah Cates,PHI,C,2,84,17.4,27.0,44.4,7.3,125.7,98.0,53.7,31.2,13.80%,16.00,87.00,101.25,0.00,3.65,62.85,29.40,32.22,0.00,0.00,0.00,316.37,3.77,-0.88,,,,,,,,,,0.96,0.98,1.04,1.02,,3.69,3.62,3.84,3.92,3.76,3.84,3.69,3.76,-0.88,-0.86,-0.84,-0.89,-0.91,-0.88,-0.89,-0.86,-0.88
Jake Neighbours,STL,LW/RW,2,84,18.1,23.9,42.0,7.6,106.1,170.7,46.4,51.0,17.1%,14.75,90.50,89.63,0.00,3.80,53.05,51.21,27.84,0.00,0.00,0.00,316.03,3.76,-0.83,,,,,,,,,,1.08,1.04,0.81,0.905,,3.91,4.06,3.40,3.05,3.54,3.17,3.68,3.29,-0.88,-0.92,-0.95,-0.80,-0.71,-0.83,-0.74,-0.86,-0.77
Claude Giroux,OTT,C/LW/RW,2,84,16.7,31.1,47.8,13.5,142.6,63.2,31.4,21.5,11.70%,16.25,83.50,116.63,0.00,6.75,71.30,18.96,18.84,0.00,0.00,0.00,315.98,3.76,-0.92,,,,,,,,,,1.13,1.065,0.97,0.985,,4.01,4.25,3.71,3.65,3.95,3.89,4.19,4.12,-0.88,-0.94,-1.00,-0.87,-0.86,-0.92,-0.91,-0.98,-0.97
Jake Walman,EDM,D,2,84,9.6,21.9,31.5,3.3,157.0,34.7,156.3,20.5,6.1%,18.25,48.00,82.13,0.00,1.65,78.50,10.41,93.78,0.00,0.00,0.00,314.47,3.74,-0.12,,,,,,,,,,1,1,1.09,1.045,,3.74,3.74,3.91,4.08,3.91,4.08,3.91,4.08,-0.11,-0.11,-0.11,-0.12,-0.12,-0.12,-0.12,-0.12,-0.12
Jordan Staal,CAR,C,2,84,17.8,21.5,39.3,4.0,121.5,167.7,51.2,29.7,14.60%,16.25,89.00,80.63,0.00,2.00,60.75,50.31,30.72,0.00,0.00,0.00,313.41,3.73,-0.89,,,,,,,,,,0.96,0.98,1,1,,3.66,3.58,3.73,3.73,3.66,3.66,3.58,3.58,-0.91,-0.89,-0.88,-0.91,-0.91,-0.89,-0.89,-0.88,-0.88
Devon Toews,COL,D,2,84,8.5,33.7,42.2,2.8,140.0,36.8,103.0,29.1,6.1%,22.50,42.50,126.38,0.00,1.40,70.00,11.04,61.80,0.00,0.00,0.00,313.12,3.73,-0.14,,,,,,,,,,1,1,1.14,1.07,,3.73,3.73,3.99,4.25,3.99,4.25,3.99,4.25,-0.13,-0.13,-0.13,-0.14,-0.15,-0.14,-0.15,-0.14,-0.15
Pavel Buchnevich,STL,C/LW/RW,2,84,20.4,27.0,47.4,11.4,140.7,36.8,37.7,21.4,14.50%,17.50,102.00,101.25,0.00,5.70,70.35,11.04,22.62,0.00,0.00,0.00,312.96,3.73,-0.88,,,,,,,,,,1.13,1.065,0.81,0.905,,3.97,4.21,3.37,3.02,3.59,3.21,3.81,3.41,-0.92,-0.98,-1.04,-0.83,-0.74,-0.88,-0.79,-0.94,-0.84
Jack McBain,UTA,C/LW,,84,16.5,13.3,29.7,0.6,113.8,303.9,53.6,89.1,14.5%,13.75,82.50,49.88,0.00,0.30,56.90,91.17,32.16,0.00,0.00,0.00,312.91,3.73,-1.02,,,,,,,,,,1.09,1.045,1.12,1.06,,3.89,4.06,3.95,4.17,4.13,4.36,4.30,4.55,-0.92,-0.96,-1.00,-0.97,-1.03,-1.02,-1.07,-1.06,-1.12
Igor Chernyshov,SJS,LW/RW,2,84,20.9,25.1,46.0,9.1,143.4,48.1,38.5,17.3,14.60%,15.25,104.50,94.13,0.00,4.55,71.70,14.43,23.10,0.00,0.00,0.00,312.41,3.72,-1.00,,,,,,,,,,1.08,1.04,1.09,1.045,,3.87,4.02,3.89,4.05,4.04,4.22,4.20,4.38,-0.92,-0.96,-1.00,-0.97,-1.01,-1.00,-1.05,-1.04,-1.09
Ben Kindel,PIT,C,2,84,19.2,21.7,40.9,9.8,164.8,31.9,60.9,18.2,11.6%,15.50,96.00,81.38,0.00,4.90,82.40,9.57,36.54,0.00,0.00,0.00,310.79,3.70,-0.94,,,,,,,,,,0.96,0.98,1.04,1.02,,3.63,3.55,3.77,3.85,3.70,3.77,3.62,3.69,-0.94,-0.92,-0.91,-0.96,-0.98,-0.94,-0.96,-0.92,-0.94
Calum Ritchie,NYI,C/RW,1,84,18.1,28.8,46.8,15.4,131.6,27.3,50.1,25.4,13.70%,15.50,90.50,108.00,0.00,7.70,65.80,8.19,30.06,0.00,0.00,0.00,310.25,3.69,-0.91,,,,,,,,,,1.01,1.005,0.9,0.95,,3.71,3.73,3.51,3.32,3.53,3.34,3.54,3.36,-0.95,-0.95,-0.96,-0.90,-0.85,-0.91,-0.86,-0.91,-0.86
Bobby Brink,MIN,RW,2,84,16.6,28.2,44.8,12.1,118.7,88.1,46.4,27.8,14.0%,15.50,83.00,105.75,0.00,6.05,59.35,26.43,27.84,0.00,0.00,0.00,308.42,3.67,-0.90,,,,,,,,,,0.95,0.975,0.9,0.95,,3.58,3.49,3.49,3.30,3.40,3.22,3.31,3.14,-0.97,-0.95,-0.92,-0.92,-0.87,-0.90,-0.85,-0.88,-0.83
Matvei Gridin,CGY,LW/RW,1,84,15.8,27.0,42.8,14.5,171.5,23.1,46.2,4.8,9.20%,16.25,79.00,101.25,0.00,7.25,85.75,6.93,27.72,0.00,0.00,0.00,307.90,3.67,-0.99,,,,,,,,,,1.08,1.04,0.95,0.975,,3.81,3.96,3.57,3.48,3.72,3.62,3.86,3.76,-0.98,-1.02,-1.06,-0.95,-0.93,-0.99,-0.97,-1.03,-1.00
Sean Monahan,CBJ,C,2,84,17.1,28.0,45.1,10.2,145.6,45.0,40.1,12.1,11.7%,17.00,85.50,105.00,0.00,5.10,72.80,13.50,24.06,0.00,0.00,0.00,305.96,3.64,-0.93,,,,,,,,,,0.96,0.98,0.9,0.95,,3.57,3.50,3.46,3.28,3.39,3.21,3.32,3.15,-1.00,-0.98,-0.96,-0.95,-0.90,-0.93,-0.88,-0.91,-0.86
Colton Parayko,STL,D,,84,7.5,16.9,24.4,0.6,125.3,103.4,185.0,18.1,6.00%,22.25,37.50,63.38,0.00,0.30,62.65,31.02,111.00,0.00,0.00,0.00,305.85,3.64,-0.19,,,,,,,,,,1,1,0.81,0.905,,3.64,3.64,3.30,2.95,3.30,2.95,3.30,2.95,-0.21,-0.21,-0.21,-0.19,-0.17,-0.19,-0.17,-0.19,-0.17
Alexander Nikishin,CAR,D,,84,10.0,22.0,32.0,5.9,135.1,138.9,101.5,35.1,7.4%,18.25,50.00,82.50,0.00,2.95,67.55,41.67,60.90,0.00,0.00,0.00,305.57,3.64,-0.22,,,,,,,,,,1,1,1,1,,3.64,3.64,3.64,3.64,3.64,3.64,3.64,3.64,-0.22,-0.22,-0.22,-0.22,-0.22,-0.22,-0.22,-0.22,-0.22
Philip Broberg,STL,D,1,84,7.4,34.8,42.2,10.8,109.2,39.4,110.3,19.5,6.80%,24.25,37.00,130.50,0.00,5.40,54.60,11.82,66.18,0.00,0.00,0.00,305.50,3.64,-0.20,,,,,,,,,,1,1,0.81,0.905,,3.64,3.64,3.29,2.95,3.29,2.95,3.29,2.95,-0.22,-0.22,-0.22,-0.20,-0.18,-0.20,-0.18,-0.20,-0.18
Michael Misa,SJS,C,2,84,19.2,27.3,46.5,9.3,132.3,27.8,46.4,18.6,14.5%,14.75,96.00,102.38,0.00,4.65,66.15,8.34,27.84,0.00,0.00,0.00,305.36,3.64,-1.03,,,,,,,,,,0.96,0.98,1.09,1.045,,3.56,3.49,3.80,3.96,3.72,3.88,3.65,3.80,-1.01,-0.99,-0.97,-1.05,-1.10,-1.03,-1.08,-1.01,-1.05
Arseny Gritsyuk,NJD,LW/RW,2,84,19.2,21.2,40.3,6.0,183.8,72.2,21.9,30.3,10.40%,14.75,96.00,79.50,0.00,3.00,91.90,21.66,13.14,0.00,0.00,0.00,305.20,3.63,-1.01,,,,,,,,,,1.08,1.04,0.93,0.965,,3.78,3.92,3.51,3.38,3.65,3.51,3.79,3.65,-1.01,-1.05,-1.09,-0.97,-0.94,-1.01,-0.98,-1.05,-1.01
Justin Brazeau,PIT,RW,,84,17.2,21.9,39.1,5.7,129.2,115.2,57.6,16.5,13.3%,12.75,86.00,82.13,0.00,2.85,64.60,34.56,34.56,0.00,0.00,0.00,304.70,3.63,-1.01,,,,,,,,,,0.95,0.975,1.04,1.02,,3.54,3.45,3.70,3.77,3.61,3.68,3.51,3.58,-1.02,-0.99,-0.97,-1.04,-1.06,-1.01,-1.03,-0.98,-1.00
Erik Haula,LAK,C/LW,2,84,14.1,24.5,38.7,9.6,136.7,123.7,53.1,57.8,10.30%,16.75,70.50,91.88,0.00,4.80,68.35,37.11,31.86,0.00,0.00,0.00,304.50,3.62,-1.05,,,,,,,,,,1.09,1.045,0.97,0.985,,3.79,3.95,3.57,3.52,3.73,3.67,3.89,3.83,-1.02,-1.06,-1.11,-1.00,-0.99,-1.05,-1.03,-1.09,-1.08
Alexander Wennberg,SJS,C,1,84,13.9,31.6,45.5,11.8,91.8,28.8,92.4,16.5,15.1%,19.25,69.50,118.50,0.00,5.90,45.90,8.64,55.44,0.00,0.00,0.00,303.88,3.62,-1.05,,,,,,,,,,0.96,0.98,1.09,1.045,,3.55,3.47,3.78,3.94,3.70,3.86,3.63,3.79,-1.03,-1.01,-0.98,-1.07,-1.12,-1.05,-1.10,-1.03,-1.07
Ryan Poehling,ANA,C,2,84,13.0,27.8,40.8,0.8,113.8,46.4,105.4,15.4,11.40%,15.75,65.00,104.25,0.00,0.40,56.90,13.92,63.24,0.00,0.00,0.00,303.71,3.62,-1.05,,,,,,,,,,0.96,0.98,1.09,1.045,,3.54,3.47,3.78,3.94,3.70,3.86,3.63,3.78,-1.03,-1.01,-0.99,-1.07,-1.12,-1.05,-1.10,-1.03,-1.08
Simon Edvinsson,DET,D,,84,9.4,20.3,29.8,0.0,101.9,100.8,164.2,80.1,9.3%,21.75,47.00,76.13,0.00,0.00,50.95,30.24,98.52,0.00,0.00,0.00,302.84,3.61,-0.26,,,,,,,,,,1,1,1.07,1.035,,3.61,3.61,3.73,3.86,3.73,3.86,3.73,3.86,-0.25,-0.25,-0.25,-0.26,-0.27,-0.26,-0.27,-0.26,-0.27
Tyler Toffoli,SJS,LW/RW,2,84,19.3,23.2,42.5,9.8,164.0,47.5,29.5,9.6,11.80%,13.75,96.50,87.00,0.00,4.90,82.00,14.25,17.70,0.00,0.00,0.00,302.35,3.60,-1.13,,,,,,,,,,1.08,1.04,1.09,1.045,,3.74,3.89,3.76,3.92,3.91,4.08,4.06,4.24,-1.04,-1.09,-1.13,-1.09,-1.14,-1.13,-1.18,-1.18,-1.23
Zeev Buium,VAN,D,1,84,7.9,38.2,46.1,20.4,118.0,33.4,66.9,43.1,6.7%,21.50,39.50,143.25,0.00,10.20,59.00,10.02,40.14,0.00,0.00,0.00,302.11,3.60,-0.26,,,,,,,,,,1,1,1.02,1.01,,3.60,3.60,3.63,3.67,3.63,3.67,3.63,3.67,-0.26,-0.26,-0.26,-0.26,-0.26,-0.26,-0.26,-0.26,-0.26
Aaron Ekblad,FLA,D,2,84,5.3,27.3,32.5,7.6,126.2,112.1,117.8,71.2,4.20%,22.25,26.50,102.38,0.00,3.80,63.10,33.63,70.68,0.00,0.00,0.00,300.09,3.57,-0.28,,,,,,,,,,1,1,1,1,,3.57,3.57,3.57,3.57,3.57,3.57,3.57,3.57,-0.28,-0.28,-0.28,-0.28,-0.28,-0.28,-0.28,-0.28,-0.28
Ryan McLeod,BUF,C,,84,13.5,40.8,54.3,5.4,97.5,16.9,36.4,16.3,13.9%,17.50,67.50,153.00,0.00,2.70,48.75,5.07,21.84,0.00,0.00,0.00,298.86,3.56,-1.04,,,,,,,,,,0.96,0.98,0.95,0.975,,3.49,3.42,3.47,3.38,3.40,3.31,3.33,3.24,-1.09,-1.06,-1.04,-1.06,-1.03,-1.04,-1.01,-1.02,-0.99
Marco Kasper,DET,C/LW,2,84,13.1,18.6,31.7,4.3,146.0,184.4,55.2,36.4,9.00%,15.00,65.50,69.75,0.00,2.15,73.00,55.32,33.12,0.00,0.00,0.00,298.84,3.56,-1.17,,,,,,,,,,1.09,1.045,1.07,1.035,,3.72,3.88,3.68,3.81,3.85,3.98,4.01,4.15,-1.09,-1.13,-1.18,-1.12,-1.16,-1.17,-1.21,-1.22,-1.27
Josh Manson,COL,D,,84,5.3,22.7,28.0,0.0,132.5,184.1,109.0,91.8,4.0%,17.75,26.50,85.13,0.00,0.00,66.25,55.23,65.40,0.00,0.00,0.00,298.51,3.55,-0.32,,,,,,,,,,1,1,1.14,1.07,,3.55,3.55,3.80,4.05,3.80,4.05,3.80,4.05,-0.30,-0.30,-0.30,-0.32,-0.34,-0.32,-0.34,-0.32,-0.34
Simon Holmstrom,NYI,LW/RW,2,84,20.2,26.4,46.6,5.8,109.8,20.0,57.6,13.0,18.40%,16.75,101.00,99.00,0.00,2.90,54.90,6.00,34.56,0.00,0.00,0.00,298.36,3.55,-1.08,,,,,,,,,,1.08,1.04,0.9,0.95,,3.69,3.84,3.37,3.20,3.51,3.32,3.64,3.45,-1.09,-1.13,-1.18,-1.04,-0.98,-1.08,-1.02,-1.12,-1.06
Dawson Mercer,NJD,C/RW,2,84,19.5,21.9,41.4,5.6,150.5,33.7,50.9,26.7,12.9%,17.50,97.50,82.13,0.00,2.80,75.25,10.11,30.54,0.00,0.00,0.00,298.33,3.55,-1.06,,,,,,,,,,1.01,1.005,0.93,0.965,,3.57,3.59,3.43,3.30,3.44,3.32,3.46,3.34,-1.09,-1.10,-1.10,-1.05,-1.02,-1.06,-1.02,-1.06,-1.03
Kris Letang,PIT,D,2,84,5.3,28.8,34.1,7.9,120.1,113.5,107.5,46.5,4.40%,21.75,26.50,108.00,0.00,3.95,60.05,34.05,64.50,0.00,0.00,0.00,297.05,3.54,-0.33,,,,,,,,,,1,1,1.04,1.02,,3.54,3.54,3.61,3.68,3.61,3.68,3.61,3.68,-0.32,-0.32,-0.32,-0.33,-0.33,-0.33,-0.33,-0.33,-0.33
Jamie Benn,DAL,C/LW/RW,2,84,16.5,29.0,45.5,6.9,99.1,107.6,32.7,70.2,16.6%,13.00,82.50,108.75,0.00,3.45,49.55,32.28,19.62,0.00,0.00,0.00,296.15,3.53,-1.21,,,,,,,,,,1.13,1.065,1.04,1.02,,3.75,3.98,3.60,3.67,3.83,3.90,4.06,4.14,-1.12,-1.19,-1.26,-1.14,-1.16,-1.21,-1.24,-1.29,-1.31
Tommy Novak,PIT,C/LW,2,84,20.3,25.3,45.6,7.8,138.6,11.3,37.8,14.2,14.70%,14.75,101.50,94.88,0.00,3.90,69.30,3.39,22.68,0.00,0.00,0.00,295.65,3.52,-1.20,,,,,,,,,,1.09,1.045,1.04,1.02,,3.68,3.84,3.59,3.66,3.75,3.83,3.91,3.99,-1.12,-1.17,-1.22,-1.15,-1.17,-1.20,-1.22,-1.25,-1.27
Jake McCabe,TOR,D,,84,3.9,23.6,27.5,0.0,82.6,139.0,174.4,67.6,4.8%,21.50,19.50,88.50,0.00,0.00,41.30,41.70,104.64,0.00,0.00,0.00,295.64,3.52,-0.33,,,,,,,,,,1,1,0.97,0.985,,3.52,3.52,3.47,3.41,3.47,3.41,3.47,3.41,-0.34,-0.34,-0.34,-0.33,-0.33,-0.33,-0.33,-0.33,-0.33
Damon Severson,CBJ,D,2,84,9.5,28.9,38.5,4.5,114.5,50.3,107.3,53.1,8.30%,21.25,47.50,108.38,0.00,2.25,57.25,15.09,64.38,0.00,0.00,0.00,294.85,3.51,-0.33,,,,,,,,,,1,1,0.9,0.95,,3.51,3.51,3.33,3.16,3.33,3.16,3.33,3.16,-0.35,-0.35,-0.35,-0.33,-0.31,-0.33,-0.31,-0.33,-0.31
Gabe Perreault,NYR,RW,2,84,18.9,25.9,44.8,8.7,131.8,39.9,34.9,15.0,14.3%,16.00,94.50,97.13,0.00,4.35,65.90,11.97,20.94,0.00,0.00,0.00,294.79,3.51,-1.19,,,,,,,,,,0.95,0.975,1.16,1.08,,3.42,3.33,3.79,4.07,3.70,3.97,3.60,3.87,-1.13,-1.11,-1.08,-1.22,-1.32,-1.19,-1.28,-1.16,-1.25
Fraser Minten,BOS,C,,84,17.1,19.6,36.7,3.5,120.6,152.3,46.6,18.9,14.20%,16.00,85.50,73.50,0.00,1.75,60.30,45.69,27.96,0.00,0.00,0.00,294.70,3.51,-1.07,,,,,,,,,,0.96,0.98,0.93,0.965,,3.44,3.37,3.39,3.26,3.32,3.20,3.25,3.13,-1.13,-1.11,-1.09,-1.10,-1.06,-1.07,-1.03,-1.05,-1.01
Martin Fehervary,WSH,D,,84,5.1,22.6,27.7,0.0,78.3,118.7,181.0,37.3,6.6%,19.75,25.50,84.75,0.00,0.00,39.15,35.61,108.60,0.00,0.00,0.00,293.61,3.50,-0.39,,,,,,,,,,1,1,1.19,1.095,,3.50,3.50,3.83,4.16,3.83,4.16,3.83,4.16,-0.36,-0.36,-0.36,-0.39,-0.43,-0.39,-0.43,-0.39,-0.43
Roman Kantserov,CHI,RW,2,84,20.1,20.6,40.8,9.1,155.4,56.0,27.3,57.4,13.00%,15.00,100.50,77.25,0.00,4.55,77.70,16.80,16.38,0.00,0.00,0.00,293.18,3.49,-1.17,,,,,,,,,,0.95,0.975,1.09,1.045,,3.40,3.32,3.65,3.80,3.56,3.71,3.46,3.61,-1.15,-1.12,-1.10,-1.20,-1.26,-1.17,-1.23,-1.14,-1.19
Gage Goncalves,TBL,C/LW,2,84,16.3,26.1,42.4,6.6,111.1,110.7,35.6,43.3,14.7%,15.00,81.50,97.88,0.00,3.30,55.55,33.21,21.36,0.00,0.00,0.00,292.80,3.49,-1.11,,,,,,,,,,1.09,1.045,0.83,0.915,,3.64,3.80,3.19,2.89,3.33,3.02,3.48,3.15,-1.16,-1.21,-1.26,-1.06,-0.96,-1.11,-1.00,-1.15,-1.05
Gustav Forsling,FLA,D,,84,9.0,23.2,32.2,1.6,157.5,67.6,101.3,49.7,5.70%,22.50,45.00,87.00,0.00,0.80,78.75,20.28,60.78,0.00,0.00,0.00,292.61,3.48,-0.37,,,,,,,,,,1,1,1,1,,3.48,3.48,3.48,3.48,3.48,3.48,3.48,3.48,-0.37,-0.37,-0.37,-0.37,-0.37,-0.37,-0.37,-0.37,-0.37
Noah Hanifin,VGK,D,,84,8.8,21.4,30.2,4.8,154.1,43.6,125.9,15.6,5.7%,21.50,44.00,80.25,0.00,2.40,77.05,13.08,75.54,0.00,0.00,0.00,292.32,3.48,-0.38,,,,,,,,,,1,1,1,1,,3.48,3.48,3.48,3.48,3.48,3.48,3.48,3.48,-0.38,-0.38,-0.38,-0.38,-0.38,-0.38,-0.38,-0.38,-0.38
Olen Zellweger,BUF,D,2,84,10.7,23.8,34.5,6.7,161.7,42.9,86.8,31.2,6.60%,19.00,53.50,89.25,0.00,3.35,80.85,12.87,52.08,0.00,0.00,0.00,291.90,3.48,-0.37,,,,,,,,,,1,1,0.95,0.975,,3.48,3.48,3.39,3.30,3.39,3.30,3.39,3.30,-0.38,-0.38,-0.38,-0.37,-0.36,-0.37,-0.36,-0.37,-0.36
Andrew Copp,DET,C/LW,2,84,13.4,28.5,41.9,5.9,123.0,41.0,67.8,25.4,10.9%,17.25,67.00,106.88,0.00,2.95,61.50,12.30,40.68,0.00,0.00,0.00,291.31,3.47,-1.27,,,,,,,,,,1.09,1.045,1.07,1.035,,3.62,3.78,3.59,3.71,3.75,3.88,3.91,4.04,-1.18,-1.23,-1.28,-1.22,-1.26,-1.27,-1.31,-1.33,-1.37
Joel Farabee,CGY,LW/RW,2,84,19.5,17.9,37.4,4.2,152.2,55.5,52.9,27.8,12.80%,17.25,97.50,67.13,0.00,2.10,76.10,16.65,31.74,0.00,0.00,0.00,291.22,3.47,-1.19,,,,,,,,,,1.08,1.04,0.95,0.975,,3.61,3.74,3.38,3.29,3.52,3.43,3.65,3.56,-1.18,-1.22,-1.27,-1.15,-1.12,-1.19,-1.16,-1.24,-1.21
Easton Cowan,TOR,LW,2,84,16.7,22.8,39.5,6.5,137.6,89.8,38.3,39.9,12.1%,15.00,83.50,85.50,0.00,3.25,68.80,26.94,22.98,0.00,0.00,0.00,290.97,3.46,-1.20,,,,,,,,,,1.06,1.03,0.97,0.985,,3.57,3.67,3.41,3.36,3.51,3.46,3.62,3.56,-1.18,-1.21,-1.25,-1.16,-1.14,-1.20,-1.18,-1.23,-1.21
Charle-Edouard D'Astous,TBL,D,2,84,7.0,30.2,37.1,5.6,105.8,111.7,88.5,120.8,6.60%,19.00,35.00,113.25,0.00,2.80,52.90,33.51,53.10,0.00,0.00,0.00,290.56,3.46,-0.36,,,,,,,,,,1,1,0.83,0.915,,3.46,3.46,3.17,2.87,3.17,2.87,3.17,2.87,-0.40,-0.40,-0.40,-0.36,-0.33,-0.36,-0.33,-0.36,-0.33
Linus Karlsson,VAN,RW,2,84,19.0,20.0,39.0,7.1,140.2,100.1,27.7,39.0,13.6%,14.25,95.00,75.00,0.00,3.55,70.10,30.03,16.62,0.00,0.00,0.00,290.30,3.46,-1.17,,,,,,,,,,0.95,0.975,1.02,1.01,,3.37,3.28,3.49,3.53,3.40,3.44,3.32,3.35,-1.19,-1.16,-1.13,-1.20,-1.21,-1.17,-1.18,-1.14,-1.15
Filip Chytil,VAN,C,2,84,21.4,17.8,39.2,4.7,181.1,33.7,22.1,24.1,11.80%,15.00,107.00,66.75,0.00,2.35,90.55,10.11,13.26,0.00,0.00,0.00,290.02,3.45,-1.18,,,,,,,,,,0.96,0.98,1.02,1.01,,3.38,3.31,3.49,3.52,3.42,3.45,3.35,3.38,-1.19,-1.17,-1.14,-1.20,-1.21,-1.18,-1.19,-1.15,-1.17
Dmitry Orlov,SJS,D,1,84,4.9,32.9,37.8,14.8,107.5,119.7,74.7,34.6,4.6%,21.75,24.50,123.38,0.00,7.40,53.75,35.91,44.82,0.00,0.00,0.00,289.76,3.45,-0.42,,,,,,,,,,1,1,1.09,1.045,,3.45,3.45,3.60,3.76,3.60,3.76,3.60,3.76,-0.41,-0.41,-0.41,-0.42,-0.44,-0.42,-0.44,-0.42,-0.44
Ridly Greig,OTT,C/LW/RW,2,84,14.4,20.0,34.4,4.0,137.7,126.7,56.4,78.1,10.50%,16.50,72.00,75.00,0.00,2.00,68.85,38.01,33.84,0.00,0.00,0.00,289.70,3.45,-1.25,,,,,,,,,,1.13,1.065,0.97,0.985,,3.67,3.90,3.40,3.35,3.62,3.56,3.84,3.78,-1.19,-1.27,-1.35,-1.18,-1.16,-1.25,-1.23,-1.33,-1.31
Oliver Kapanen,MTL,C,2,84,21.2,16.6,37.9,2.4,140.7,35.8,64.9,21.9,15.1%,15.00,106.00,62.25,0.00,1.20,70.35,10.74,38.94,0.00,0.00,0.00,289.48,3.45,-1.17,,,,,,,,,,0.96,0.98,1,1,,3.38,3.31,3.45,3.45,3.38,3.38,3.31,3.31,-1.20,-1.17,-1.15,-1.20,-1.20,-1.17,-1.17,-1.15,-1.15
Zachary Bolduc,MTL,LW/RW,2,84,16.4,17.8,34.2,6.4,113.4,174.3,46.2,31.0,14.40%,13.50,82.00,66.75,0.00,3.20,56.70,52.29,27.72,0.00,0.00,0.00,288.66,3.44,-1.26,,,,,,,,,,1.08,1.04,1,1,,3.57,3.71,3.44,3.44,3.57,3.57,3.71,3.71,-1.21,-1.26,-1.30,-1.21,-1.21,-1.26,-1.26,-1.30,-1.30
Jean-Gabriel Pageau,NYI,C,,84,13.6,24.7,38.3,1.8,101.8,133.1,60.4,10.7,13.4%,15.75,68.00,92.63,0.00,0.90,50.90,39.93,36.24,0.00,0.00,0.00,288.60,3.44,-1.12,,,,,,,,,,0.96,0.98,0.9,0.95,,3.37,3.30,3.26,3.09,3.20,3.03,3.13,2.97,-1.21,-1.18,-1.16,-1.15,-1.09,-1.12,-1.07,-1.10,-1.04
Matias Maccelli,NYI,LW/RW,2,84,17.1,31.0,48.2,11.7,133.3,18.6,14.3,16.5,12.80%,14.75,85.50,116.25,0.00,5.85,66.65,5.58,8.58,0.00,0.00,0.00,288.41,3.43,-1.20,,,,,,,,,,1.08,1.04,0.9,0.95,,3.57,3.71,3.26,3.09,3.39,3.21,3.52,3.34,-1.21,-1.26,-1.31,-1.15,-1.09,-1.20,-1.13,-1.24,-1.18
Cole Sillinger,CBJ,C/RW,,84,11.5,26.3,37.8,0.7,141.1,115.3,43.9,38.4,8.1%,15.25,57.50,98.63,0.00,0.35,70.55,34.59,26.34,0.00,0.00,0.00,287.96,3.43,-1.16,,,,,,,,,,1.01,1.005,0.9,0.95,,3.45,3.46,3.26,3.09,3.27,3.10,3.29,3.12,-1.22,-1.22,-1.23,-1.15,-1.09,-1.16,-1.10,-1.17,-1.10
Esa Lindell,DAL,D,,84,5.2,25.8,31.0,2.3,87.5,35.5,181.8,18.1,6.00%,23.00,26.00,96.75,0.00,1.15,43.75,10.65,109.08,0.00,0.00,0.00,287.38,3.42,-0.44,,,,,,,,,,1,1,1.04,1.02,,3.42,3.42,3.49,3.56,3.49,3.56,3.49,3.56,-0.43,-0.43,-0.43,-0.44,-0.45,-0.44,-0.45,-0.44,-0.45
Morgan Rielly,TOR,D,2,84,6.4,28.0,34.5,5.0,122.2,37.5,124.9,25.1,5.2%,19.00,32.00,105.00,0.00,2.50,61.10,11.25,74.94,0.00,0.00,0.00,286.79,3.41,-0.43,,,,,,,,,,1,1,0.97,0.985,,3.41,3.41,3.36,3.31,3.36,3.31,3.36,3.31,-0.44,-0.44,-0.44,-0.43,-0.43,-0.43,-0.43,-0.43,-0.43
A.J. Greer,ANA,LW,,84,14.8,17.9,32.7,0.0,115.3,223.7,34.7,136.2,12.90%,12.50,74.00,67.13,0.00,0.00,57.65,67.11,20.82,0.00,0.00,0.00,286.71,3.41,-1.32,,,,,,,,,,1.06,1.03,1.09,1.045,,3.52,3.62,3.57,3.72,3.67,3.83,3.78,3.94,-1.23,-1.27,-1.30,-1.29,-1.34,-1.32,-1.38,-1.36,-1.42
Brett Howden,VGK,C/LW,2,84,19.5,17.7,37.2,4.9,111.3,137.9,38.8,50.1,17.5%,15.50,97.50,66.38,0.00,2.45,55.65,41.37,23.28,0.00,0.00,0.00,286.63,3.41,-1.29,,,,,,,,,,1.09,1.045,1,1,,3.57,3.72,3.41,3.41,3.57,3.57,3.72,3.72,-1.23,-1.29,-1.34,-1.23,-1.23,-1.29,-1.29,-1.34,-1.34
Pavel Mintyukov,ANA,D,,84,9.7,21.1,30.8,3.0,107.1,58.9,143.0,24.7,9.10%,20.50,48.50,79.13,0.00,1.50,53.55,17.67,85.80,0.00,0.00,0.00,286.15,3.41,-0.47,,,,,,,,,,1,1,1.09,1.045,,3.41,3.41,3.56,3.71,3.56,3.71,3.56,3.71,-0.45,-0.45,-0.45,-0.47,-0.49,-0.47,-0.49,-0.47,-0.49
Nick Robertson,PIT,RW,2,84,19.1,20.1,39.2,4.7,137.4,66.5,40.3,12.1,13.9%,12.50,95.50,75.38,0.00,2.35,68.70,19.95,24.18,0.00,0.00,0.00,286.06,3.41,-1.23,,,,,,,,,,0.95,0.975,1.04,1.02,,3.32,3.24,3.47,3.54,3.39,3.45,3.30,3.36,-1.24,-1.21,-1.18,-1.26,-1.29,-1.23,-1.26,-1.20,-1.22
Brayden McNabb,VGK,D,,84,5.6,12.6,18.2,0.0,106.1,141.4,190.4,35.0,5.20%,20.50,28.00,47.25,0.00,0.00,53.05,42.42,114.24,0.00,0.00,0.00,284.96,3.39,-0.46,,,,,,,,,,1,1,1,1,,3.39,3.39,3.39,3.39,3.39,3.39,3.39,3.39,-0.46,-0.46,-0.46,-0.46,-0.46,-0.46,-0.46,-0.46,-0.46
Alex Killorn,ANA,LW/RW,2,84,19.6,17.2,36.8,5.7,157.9,75.2,29.8,40.7,12.4%,16.75,98.00,64.50,0.00,2.85,78.95,22.56,17.88,0.00,0.00,0.00,284.74,3.39,-1.36,,,,,,,,,,1.08,1.04,1.09,1.045,,3.53,3.66,3.54,3.69,3.68,3.84,3.83,3.99,-1.25,-1.30,-1.35,-1.31,-1.37,-1.36,-1.42,-1.41,-1.48
Eetu Luostarinen,FLA,LW,,84,12.8,23.4,36.3,1.4,105.7,133.2,65.5,34.0,12.20%,15.50,64.00,87.75,0.00,0.70,52.85,39.96,39.30,0.00,0.00,0.00,284.56,3.39,-1.29,,,,,,,,,,1.06,1.03,1,1,,3.49,3.59,3.39,3.39,3.49,3.49,3.59,3.59,-1.26,-1.29,-1.33,-1.26,-1.26,-1.29,-1.29,-1.33,-1.33
Owen Power,BUF,D,2,84,8.9,25.5,34.5,2.7,134.1,30.1,108.9,17.4,6.7%,22.50,44.50,95.63,0.00,1.35,67.05,9.03,65.34,0.00,0.00,0.00,282.90,3.37,-0.48,,,,,,,,,,1,1,0.95,0.975,,3.37,3.37,3.28,3.20,3.28,3.20,3.28,3.20,-0.49,-0.49,-0.49,-0.48,-0.46,-0.48,-0.46,-0.48,-0.46
Adam Larsson,SEA,D,,84,7.2,16.5,23.7,0.0,108.9,108.9,162.1,35.0,6.60%,21.50,36.00,61.88,0.00,0.00,54.45,32.67,97.26,0.00,0.00,0.00,282.26,3.36,-0.50,,,,,,,,,,1,1,1,1,,3.36,3.36,3.36,3.36,3.36,3.36,3.36,3.36,-0.50,-0.50,-0.50,-0.50,-0.50,-0.50,-0.50,-0.50,-0.50
Mikael Backlund,CGY,C,2,84,16.1,19.9,36.1,3.5,193.3,27.3,34.0,18.0,8.3%,18.25,80.50,74.63,0.00,1.75,96.65,8.19,20.40,0.00,0.00,0.00,282.12,3.36,-1.23,,,,,,,,,,0.96,0.98,0.95,0.975,,3.29,3.22,3.27,3.19,3.21,3.13,3.14,3.06,-1.28,-1.26,-1.23,-1.25,-1.22,-1.23,-1.20,-1.20,-1.17
Zach Whitecloud,CGY,D,,84,4.0,16.3,20.3,0.0,88.2,137.2,190.8,33.3,4.5%,22.00,20.00,61.13,0.00,0.00,44.10,41.16,114.48,0.00,0.00,0.00,280.87,3.34,-0.50,,,,,,,,,,1,1,0.95,0.975,,3.34,3.34,3.26,3.18,3.26,3.18,3.26,3.18,-0.51,-0.51,-0.51,-0.50,-0.49,-0.50,-0.49,-0.50,-0.49
Kaapo Kakko,SEA,RW,,84,15.9,32.3,48.3,10.1,101.9,36.2,22.3,22.3,15.60%,14.25,79.50,121.13,0.00,5.05,50.95,10.86,13.38,0.00,0.00,0.00,280.87,3.34,-1.27,,,,,,,,,,0.95,0.975,1,1,,3.26,3.18,3.34,3.34,3.26,3.26,3.18,3.18,-1.30,-1.27,-1.23,-1.30,-1.30,-1.27,-1.27,-1.23,-1.23
Alex Newhook,MTL,C/LW,2,84,18.3,20.5,38.8,4.3,122.7,93.7,33.8,21.3,14.90%,14.75,91.50,76.88,0.00,2.15,61.35,28.11,20.28,0.00,0.00,0.00,280.27,3.34,-1.37,,,,,,,,,,1.09,1.045,1,1,,3.49,3.64,3.34,3.34,3.49,3.49,3.64,3.64,-1.31,-1.37,-1.42,-1.31,-1.31,-1.37,-1.37,-1.42,-1.42
Matt Roy,WSH,D,,84,3.4,20.6,24.0,0.0,102.4,133.2,157.0,26.8,3.3%,21.00,17.00,77.25,0.00,0.00,51.20,39.96,94.20,0.00,0.00,0.00,279.61,3.33,-0.58,,,,,,,,,,1,1,1.19,1.095,,3.33,3.33,3.64,3.96,3.64,3.96,3.64,3.96,-0.53,-0.53,-0.53,-0.58,-0.63,-0.58,-0.63,-0.58,-0.63
Connor Brown,NJD,RW,2,84,15.8,26.6,42.5,9.0,131.4,22.8,39.6,19.2,12.00%,16.25,79.00,99.75,0.00,4.50,65.70,6.84,23.76,0.00,0.00,0.00,279.55,3.33,-1.24,,,,,,,,,,0.95,0.975,0.93,0.965,,3.24,3.16,3.21,3.10,3.13,3.02,3.05,2.94,-1.32,-1.28,-1.25,-1.27,-1.22,-1.24,-1.19,-1.21,-1.16
Alexandre Texier,MTL,LW/RW,2,84,16.3,22.1,38.4,3.9,128.1,109.2,27.3,38.5,12.7%,14.00,81.50,82.88,0.00,1.95,64.05,32.76,16.38,0.00,0.00,0.00,279.52,3.33,-1.37,,,,,,,,,,1.08,1.04,1,1,,3.46,3.59,3.33,3.33,3.46,3.46,3.59,3.59,-1.32,-1.37,-1.42,-1.32,-1.32,-1.37,-1.37,-1.42,-1.42
Cam York,PHI,D,,84,5.7,24.3,30.0,4.7,99.1,37.8,159.5,31.6,5.80%,22.00,28.50,91.13,0.00,2.35,49.55,11.34,95.70,0.00,0.00,0.00,278.57,3.32,-0.55,,,,,,,,,,1,1,1.04,1.02,,3.32,3.32,3.38,3.45,3.38,3.45,3.38,3.45,-0.54,-0.54,-0.54,-0.55,-0.56,-0.55,-0.56,-0.55,-0.56
Zayne Parekh,CGY,D,2,84,12.6,22.9,35.5,15.1,140.0,33.8,69.0,21.0,9.0%,17.50,63.00,85.88,0.00,7.55,70.00,10.14,41.40,0.00,0.00,0.00,277.97,3.31,-0.53,,,,,,,,,,1,1,0.95,0.975,,3.31,3.31,3.23,3.14,3.23,3.14,3.23,3.14,-0.55,-0.55,-0.55,-0.53,-0.52,-0.53,-0.52,-0.53,-0.52
Ivan Provorov,CBJ,D,,84,7.5,23.2,30.8,4.2,126.4,29.1,132.0,32.6,6.00%,23.75,37.50,87.00,0.00,2.10,63.20,8.73,79.20,0.00,0.00,0.00,277.73,3.31,-0.52,,,,,,,,,,1,1,0.9,0.95,,3.31,3.31,3.14,2.98,3.14,2.98,3.14,2.98,-0.55,-0.55,-0.55,-0.52,-0.49,-0.52,-0.49,-0.52,-0.49
Logan Mailloux,STL,D,2,84,10.0,17.7,27.7,6.9,142.8,126.9,80.0,69.3,7.0%,20.25,50.00,66.38,0.00,3.45,71.40,38.07,48.00,0.00,0.00,0.00,277.30,3.30,-0.50,,,,,,,,,,1,1,0.81,0.905,,3.30,3.30,2.99,2.67,2.99,2.67,2.99,2.67,-0.55,-0.55,-0.55,-0.50,-0.45,-0.50,-0.45,-0.50,-0.45
Parker Kelly,COL,C/LW,,84,12.8,18.2,31.0,0.0,104.6,177.3,64.6,31.5,12.20%,12.75,64.00,68.25,0.00,0.00,52.30,53.19,38.76,0.00,0.00,0.00,276.50,3.29,-1.51,,,,,,,,,,1.09,1.045,1.14,1.07,,3.44,3.59,3.52,3.75,3.68,3.92,3.84,4.09,-1.35,-1.41,-1.47,-1.45,-1.54,-1.51,-1.61,-1.58,-1.68
Emmitt Finnie,DET,C/LW,2,84,13.7,20.0,33.7,8.7,128.1,131.7,41.7,4.6,10.7%,15.50,68.50,75.00,0.00,4.35,64.05,39.51,25.02,0.00,0.00,0.00,276.43,3.29,-1.46,,,,,,,,,,1.09,1.045,1.07,1.035,,3.44,3.59,3.41,3.52,3.56,3.68,3.71,3.84,-1.35,-1.41,-1.47,-1.40,-1.45,-1.46,-1.51,-1.53,-1.58
Matthew Wood,NSH,C/RW,2,84,19.7,16.9,36.6,8.2,136.9,70.0,33.3,19.3,14.40%,14.00,98.50,63.38,0.00,4.10,68.45,21.00,19.98,0.00,0.00,0.00,275.41,3.28,-1.21,,,,,,,,,,1.01,1.005,0.76,0.88,,3.30,3.31,2.89,2.49,2.90,2.50,2.91,2.52,-1.36,-1.37,-1.38,-1.20,-1.04,-1.21,-1.04,-1.21,-1.05
Tony DeAngelo,NYI,D,2,84,8.1,26.8,35.0,7.6,150.2,33.0,74.9,43.7,5.4%,17.50,40.50,100.50,0.00,3.80,75.10,9.90,44.94,0.00,0.00,0.00,274.74,3.27,-0.56,,,,,,,,,,1,1,0.9,0.95,,3.27,3.27,3.11,2.94,3.11,2.94,3.11,2.94,-0.58,-0.58,-0.58,-0.56,-0.53,-0.56,-0.53,-0.56,-0.53
Artem Zub,OTT,D,,84,5.0,23.8,28.7,0.0,96.4,77.5,144.2,52.3,5.10%,20.75,25.00,89.25,0.00,0.00,48.20,23.25,86.52,0.00,0.00,0.00,272.22,3.24,-0.61,,,,,,,,,,1,1,0.97,0.985,,3.24,3.24,3.19,3.14,3.19,3.14,3.19,3.14,-0.61,-0.61,-0.61,-0.61,-0.60,-0.61,-0.60,-0.61,-0.60
Sean Durzi,NYR,D,2,84,7.8,22.9,30.7,5.6,103.8,43.5,131.4,58.5,7.5%,20.00,39.00,85.88,0.00,2.80,51.90,13.05,78.84,0.00,0.00,0.00,271.47,3.23,-0.67,,,,,,,,,,1,1,1.16,1.08,,3.23,3.23,3.49,3.75,3.49,3.75,3.49,3.75,-0.62,-0.62,-0.62,-0.67,-0.72,-0.67,-0.72,-0.67,-0.72
Matthew Savoie,EDM,C/RW,2,84,16.1,21.3,37.4,6.1,147.4,18.2,45.2,22.8,10.90%,15.50,80.50,79.88,0.00,3.05,73.70,5.46,27.12,0.00,0.00,0.00,269.71,3.21,-1.50,,,,,,,,,,1.01,1.005,1.09,1.045,,3.23,3.24,3.36,3.50,3.37,3.52,3.39,3.53,-1.43,-1.44,-1.45,-1.50,-1.56,-1.50,-1.57,-1.51,-1.58
Conor Garland,CBJ,RW,2,84,14.1,24.2,38.3,3.9,138.3,50.6,36.4,31.9,10.2%,14.00,70.50,90.75,0.00,1.95,69.15,15.18,21.84,0.00,0.00,0.00,269.37,3.21,-1.33,,,,,,,,,,0.95,0.975,0.9,0.95,,3.13,3.05,3.05,2.89,2.97,2.81,2.89,2.74,-1.44,-1.40,-1.36,-1.36,-1.29,-1.33,-1.26,-1.30,-1.23
Denton Mateychuk,CBJ,D,,84,10.1,24.1,34.2,3.7,102.3,36.8,107.1,16.5,9.90%,19.25,50.50,90.38,0.00,1.85,51.15,11.04,64.26,0.00,0.00,0.00,269.18,3.20,-0.62,,,,,,,,,,1,1,0.9,0.95,,3.20,3.20,3.04,2.88,3.04,2.88,3.04,2.88,-0.65,-0.65,-0.65,-0.62,-0.59,-0.62,-0.59,-0.62,-0.59
Jamie Drysdale,PHI,D,1,84,9.0,25.2,34.3,9.5,105.4,20.0,109.6,27.6,8.6%,21.25,45.00,94.50,0.00,4.75,52.70,6.00,65.76,0.00,0.00,0.00,268.71,3.20,-0.67,,,,,,,,,,1,1,1.04,1.02,,3.20,3.20,3.26,3.33,3.26,3.33,3.26,3.33,-0.66,-0.66,-0.66,-0.67,-0.68,-0.67,-0.68,-0.67,-0.68
Drew Doughty,LAK,D,2,84,8.0,25.4,33.4,9.5,108.4,64.7,90.8,46.5,7.40%,22.00,40.00,95.25,0.00,4.75,54.20,19.41,54.48,0.00,0.00,0.00,268.09,3.19,-0.65,,,,,,,,,,1,1,0.97,0.985,,3.19,3.19,3.14,3.10,3.14,3.10,3.14,3.10,-0.66,-0.66,-0.66,-0.65,-0.64,-0.65,-0.64,-0.65,-0.64
Jared Spurgeon,MIN,D,2,84,5.6,22.0,27.5,5.2,96.2,72.8,139.7,12.3,5.8%,19.00,28.00,82.50,0.00,2.60,48.10,21.84,83.82,0.00,0.00,0.00,266.86,3.18,-0.64,,,,,,,,,,1,1,0.9,0.95,,3.18,3.18,3.02,2.86,3.02,2.86,3.02,2.86,-0.68,-0.68,-0.68,-0.64,-0.61,-0.64,-0.61,-0.64,-0.61
Casey Mittelstadt,BOS,C/LW,2,84,16.6,29.6,46.2,8.1,90.7,26.0,26.0,14.2,18.30%,15.00,83.00,111.00,0.00,4.05,45.35,7.80,15.60,0.00,0.00,0.00,266.80,3.18,-1.48,,,,,,,,,,1.09,1.045,0.93,0.965,,3.32,3.46,3.07,2.95,3.20,3.09,3.34,3.22,-1.47,-1.53,-1.60,-1.42,-1.36,-1.48,-1.43,-1.54,-1.49
Tye Kartye,NYR,LW,,84,11.9,11.3,23.2,0.0,99.4,266.7,58.6,59.5,11.9%,14.00,59.50,42.38,0.00,0.00,49.70,80.01,35.16,0.00,0.00,0.00,266.75,3.18,-1.63,,,,,,,,,,1.06,1.03,1.16,1.08,,3.27,3.37,3.43,3.68,3.53,3.79,3.64,3.90,-1.47,-1.51,-1.56,-1.59,-1.70,-1.63,-1.75,-1.68,-1.80
Jack Roslovic,TOR,C/RW,2,84,18.9,19.1,38.0,3.5,145.6,33.8,26.5,11.6,13.00%,14.50,94.50,71.63,0.00,1.75,72.80,10.14,15.90,0.00,0.00,0.00,266.72,3.18,-1.45,,,,,,,,,,1.01,1.005,0.97,0.985,,3.19,3.21,3.13,3.08,3.14,3.10,3.16,3.11,-1.47,-1.48,-1.48,-1.45,-1.42,-1.45,-1.43,-1.46,-1.44
Ilya Protas,WSH,LW,2,84,16.4,25.2,41.6,7.8,106.4,17.5,45.5,35.0,15.4%,14.00,82.00,94.50,0.00,3.90,53.20,5.25,27.30,0.00,0.00,0.00,266.15,3.17,-1.66,,,,,,,,,,1.06,1.03,1.19,1.095,,3.26,3.36,3.47,3.77,3.57,3.88,3.68,4.00,-1.47,-1.52,-1.56,-1.61,-1.75,-1.66,-1.81,-1.71,-1.86
Nikita Zadorov,BOS,D,,84,3.4,19.2,22.6,0.0,106.7,202.1,104.9,153.2,3.20%,20.50,17.00,72.00,0.00,0.00,53.35,60.63,62.94,0.00,0.00,0.00,265.92,3.17,-0.67,,,,,,,,,,1,1,0.93,0.965,,3.17,3.17,3.05,2.94,3.05,2.94,3.05,2.94,-0.69,-0.69,-0.69,-0.67,-0.64,-0.67,-0.64,-0.67,-0.64
Rasmus Sandin,WSH,D,,42,2.1,11.5,13.7,0.9,44.0,47.4,69.5,8.8,4.9%,18.75,10.50,43.13,0.00,0.45,22.00,14.22,41.70,0.00,0.00,0.00,132.00,3.14,-0.78,,,,,,,,,,1,1,1.19,1.095,,3.14,3.14,3.44,3.74,3.44,3.74,3.44,3.74,-0.71,-0.71,-0.71,-0.78,-0.85,-0.78,-0.85,-0.78,-0.85
Konsta Helenius,BUF,C,,84,13.2,26.2,39.4,5.5,125.1,43.8,35.0,13.1,10.50%,13.75,66.00,98.25,0.00,2.75,62.55,13.14,21.00,0.00,0.00,0.00,263.69,3.14,-1.44,,,,,,,,,,0.96,0.98,0.95,0.975,,3.08,3.01,3.06,2.98,3.00,2.92,2.94,2.86,-1.50,-1.47,-1.44,-1.47,-1.43,-1.44,-1.40,-1.41,-1.37
Yakov Trenin,MIN,C/LW/RW,,84,6.5,15.6,22.1,0.0,96.6,337.8,38.2,42.4,6.7%,13.00,32.50,58.50,0.00,0.00,48.30,101.34,22.92,0.00,0.00,0.00,263.56,3.14,-1.52,,,,,,,,,,1.13,1.065,0.9,0.95,,3.34,3.55,2.98,2.82,3.17,3.01,3.37,3.19,-1.51,-1.60,-1.70,-1.43,-1.36,-1.52,-1.44,-1.62,-1.53
Nick Paul,TOR,C/LW,,84,15.8,17.7,33.6,2.1,118.7,114.6,39.0,30.5,13.30%,14.75,79.00,66.38,0.00,1.05,59.35,34.38,23.40,0.00,0.00,0.00,263.56,3.14,-1.55,,,,,,,,,,1.09,1.045,0.97,0.985,,3.28,3.42,3.09,3.04,3.23,3.18,3.37,3.32,-1.51,-1.57,-1.64,-1.48,-1.46,-1.55,-1.53,-1.62,-1.59
Yegor Sharangovich,CGY,C/LW/RW,2,84,17.1,19.3,36.4,6.9,148.9,20.4,34.0,9.8,11.5%,16.00,85.50,72.38,0.00,3.45,74.45,6.12,20.40,0.00,0.00,0.00,262.30,3.12,-1.58,,,,,,,,,,1.13,1.065,0.95,0.975,,3.33,3.53,3.04,2.97,3.24,3.16,3.44,3.35,-1.52,-1.62,-1.72,-1.48,-1.44,-1.58,-1.54,-1.68,-1.63
Oliver Ekman-Larsson,TOR,D,2,84,8.0,23.9,31.9,4.0,126.5,71.1,76.5,56.3,6.30%,19.25,40.00,89.63,0.00,2.00,63.25,21.33,45.90,0.00,0.00,0.00,262.11,3.12,-0.72,,,,,,,,,,1,1,0.97,0.985,,3.12,3.12,3.07,3.03,3.07,3.03,3.07,3.03,-0.74,-0.74,-0.74,-0.72,-0.71,-0.72,-0.71,-0.72,-0.71
Jordan Spence,OTT,D,,84,8.4,23.6,32.0,3.4,118.1,73.1,77.8,20.8,7.1%,18.50,42.00,88.50,0.00,1.70,59.05,21.93,46.68,0.00,0.00,0.00,259.86,3.09,-0.75,,,,,,,,,,1,1,0.97,0.985,,3.09,3.09,3.05,3.00,3.05,3.00,3.05,3.00,-0.76,-0.76,-0.76,-0.75,-0.74,-0.75,-0.74,-0.75,-0.74
Kent Johnson,CBJ,LW/RW,2,84,17.3,20.5,37.8,8.6,128.7,16.8,37.8,18.6,13.40%,13.75,86.50,76.88,0.00,4.30,64.35,5.04,22.68,0.00,0.00,0.00,259.75,3.09,-1.53,,,,,,,,,,1.08,1.04,0.9,0.95,,3.22,3.34,2.94,2.78,3.06,2.89,3.17,3.01,-1.55,-1.61,-1.68,-1.47,-1.40,-1.53,-1.45,-1.59,-1.51
Hampus Lindholm,BOS,D,2,84,6.1,22.9,29.0,3.8,122.3,20.3,122.8,57.5,5.0%,21.50,30.50,85.88,0.00,1.90,61.15,6.09,73.68,0.00,0.00,0.00,259.20,3.09,-0.74,,,,,,,,,,1,1,0.93,0.965,,3.09,3.09,2.98,2.87,2.98,2.87,2.98,2.87,-0.77,-0.77,-0.77,-0.74,-0.72,-0.74,-0.72,-0.74,-0.72
Jaden Schwartz,COL,C/LW,2,84,17.2,16.9,34.1,4.8,140.7,42.0,40.4,16.8,12.30%,13.75,86.00,63.38,0.00,2.40,70.35,12.60,24.24,0.00,0.00,0.00,258.97,3.08,-1.74,,,,,,,,,,1.09,1.045,1.14,1.07,,3.22,3.36,3.30,3.51,3.45,3.67,3.60,3.83,-1.56,-1.63,-1.70,-1.67,-1.78,-1.74,-1.86,-1.82,-1.94
J.J. Moser,TBL,D,,84,6.9,23.5,30.4,0.0,111.8,62.7,102.2,54.4,6.2%,21.00,34.50,88.13,0.00,0.00,55.90,18.81,61.32,0.00,0.00,0.00,258.66,3.08,-0.71,,,,,,,,,,1,1,0.83,0.915,,3.08,3.08,2.82,2.56,2.82,2.56,2.82,2.56,-0.78,-0.78,-0.78,-0.71,-0.64,-0.71,-0.64,-0.71,-0.64
Nick Lardis,CHI,LW,2,84,20.8,11.8,32.6,7.0,138.3,72.5,26.3,21.9,15.00%,14.25,104.00,44.25,0.00,3.50,69.15,21.75,15.78,0.00,0.00,0.00,258.43,3.08,-1.69,,,,,,,,,,1.06,1.03,1.09,1.045,,3.17,3.26,3.21,3.35,3.31,3.45,3.41,3.55,-1.57,-1.61,-1.66,-1.64,-1.71,-1.69,-1.76,-1.74,-1.81
Shane Wright,SEA,C/RW,2,84,15.9,18.5,34.4,6.2,98.4,57.9,66.0,13.7,16.2%,13.75,79.50,69.38,0.00,3.10,49.20,17.37,39.60,0.00,0.00,0.00,258.15,3.07,-1.58,,,,,,,,,,1.01,1.005,1,1,,3.09,3.10,3.07,3.07,3.09,3.09,3.10,3.10,-1.57,-1.58,-1.59,-1.57,-1.57,-1.58,-1.58,-1.59,-1.59
Oliver Bjorkstrand,NYR,RW,2,84,13.4,19.1,32.5,6.0,123.0,91.9,45.5,20.0,10.90%,14.25,67.00,71.63,0.00,3.00,61.50,27.57,27.30,0.00,0.00,0.00,258.00,3.07,-1.66,,,,,,,,,,0.95,0.975,1.16,1.08,,2.99,2.92,3.32,3.56,3.23,3.47,3.15,3.38,-1.57,-1.53,-1.49,-1.70,-1.82,-1.66,-1.78,-1.61,-1.73
Jeremy Lauzon,VGK,D,,84,3.6,10.6,14.2,0.0,92.8,288.1,111.7,109.9,3.9%,16.75,18.00,39.75,0.00,0.00,46.40,86.43,67.02,0.00,0.00,0.00,257.60,3.07,-0.79,,,,,,,,,,1,1,1,1,,3.07,3.07,3.07,3.07,3.07,3.07,3.07,3.07,-0.79,-0.79,-0.79,-0.79,-0.79,-0.79,-0.79,-0.79,-0.79
Viggo Bjorck,WPG,C,2,84,14.8,25.0,39.8,8.9,116.6,23.6,33.1,28.4,12.70%,15.25,74.00,93.75,0.00,4.45,58.30,7.08,19.86,0.00,0.00,0.00,257.44,3.06,-1.58,,,,,,,,,,0.96,0.98,1.04,1.02,,3.00,2.94,3.13,3.19,3.06,3.12,3.00,3.06,-1.58,-1.55,-1.52,-1.61,-1.64,-1.58,-1.61,-1.55,-1.58
Rasmus Ristolainen,PHI,D,2,84,3.7,21.3,24.9,3.0,112.8,108.9,113.1,27.3,3.2%,21.25,18.50,79.88,0.00,1.50,56.40,32.67,67.86,0.00,0.00,0.00,256.81,3.06,-0.81,,,,,,,,,,1,1,1.04,1.02,,3.06,3.06,3.12,3.18,3.12,3.18,3.12,3.18,-0.80,-0.80,-0.80,-0.81,-0.83,-0.81,-0.83,-0.81,-0.83
Pius Suter,STL,C/LW,,84,16.6,20.0,36.6,3.9,120.4,51.8,34.2,19.3,13.80%,15.50,83.00,75.00,0.00,1.95,60.20,15.54,20.52,0.00,0.00,0.00,256.21,3.05,-1.51,,,,,,,,,,1.09,1.045,0.81,0.905,,3.19,3.32,2.76,2.47,2.88,2.58,3.01,2.69,-1.59,-1.66,-1.74,-1.44,-1.29,-1.51,-1.35,-1.57,-1.41
Tristan Luneau,ANA,D,2,84,9.0,22.9,31.9,6.6,126.5,29.8,77.9,34.0,7.1%,17.75,45.00,85.88,0.00,3.30,63.25,8.94,46.74,0.00,0.00,0.00,253.11,3.01,-0.88,,,,,,,,,,1,1,1.09,1.045,,3.01,3.01,3.15,3.28,3.15,3.28,3.15,3.28,-0.84,-0.84,-0.84,-0.88,-0.92,-0.88,-0.92,-0.88,-0.92
Brady Skjei,NSH,D,2,84,7.9,21.6,29.5,3.8,113.7,59.5,93.3,41.2,6.90%,22.25,39.50,81.00,0.00,1.90,56.85,17.85,55.98,0.00,0.00,0.00,253.08,3.01,-0.74,,,,,,,,,,1,1,0.76,0.88,,3.01,3.01,2.65,2.29,2.65,2.29,2.65,2.29,-0.84,-0.84,-0.84,-0.74,-0.64,-0.74,-0.64,-0.74,-0.64
Isak Rosen,WPG,RW,2,84,20.6,12.7,33.3,8.4,144.9,16.8,33.6,25.2,14.2%,13.50,103.00,47.63,0.00,4.20,72.45,5.04,20.16,0.00,0.00,0.00,252.48,3.01,-1.63,,,,,,,,,,0.95,0.975,1.04,1.02,,2.93,2.86,3.07,3.13,2.99,3.05,2.91,2.97,-1.64,-1.60,-1.56,-1.67,-1.70,-1.63,-1.66,-1.59,-1.62
Vladislav Namestnikov,WPG,C/LW,2,84,11.8,19.9,31.7,4.9,108.3,98.5,51.9,38.2,10.90%,14.50,59.00,74.63,0.00,2.45,54.15,29.55,31.14,0.00,0.00,0.00,250.92,2.99,-1.77,,,,,,,,,,1.09,1.045,1.04,1.02,,3.12,3.26,3.05,3.11,3.18,3.25,3.32,3.39,-1.66,-1.73,-1.81,-1.69,-1.72,-1.77,-1.80,-1.84,-1.88
Dmitri Voronkov,CBJ,LW,2,84,17.6,12.2,29.8,6.3,120.8,112.9,31.5,53.2,14.6%,11.50,88.00,45.75,0.00,3.15,60.40,33.87,18.90,0.00,0.00,0.00,250.07,2.98,-1.63,,,,,,,,,,1.06,1.03,0.9,0.95,,3.07,3.16,2.83,2.68,2.91,2.76,3.00,2.84,-1.67,-1.72,-1.77,-1.58,-1.50,-1.63,-1.54,-1.68,-1.59
Carter Yakemchuk,OTT,D,2,84,8.4,22.6,31.0,7.5,116.2,20.3,91.4,45.7,7.30%,16.00,42.00,84.75,0.00,3.75,58.10,6.09,54.84,0.00,0.00,0.00,249.53,2.97,-0.87,,,,,,,,,,1,1,0.97,0.985,,2.97,2.97,2.93,2.88,2.93,2.88,2.93,2.88,-0.88,-0.88,-0.88,-0.87,-0.86,-0.87,-0.86,-0.87,-0.86
Liam Ohgren,VAN,LW,,84,13.1,13.9,27.0,1.5,125.1,104.0,55.5,4.7,10.4%,14.50,65.50,52.13,0.00,0.75,62.55,31.20,33.30,0.00,0.00,0.00,245.43,2.92,-1.79,,,,,,,,,,1.06,1.03,1.02,1.01,,3.01,3.10,2.95,2.98,3.04,3.07,3.13,3.16,-1.72,-1.77,-1.82,-1.74,-1.76,-1.79,-1.81,-1.84,-1.86
Justin Hryckowian,DAL,C/LW,2,84,12.6,16.5,29.1,2.7,96.0,131.3,49.0,35.6,13.10%,14.25,63.00,61.88,0.00,1.35,48.00,39.39,29.40,0.00,0.00,0.00,243.02,2.89,-1.87,,,,,,,,,,1.09,1.045,1.04,1.02,,3.02,3.15,2.95,3.01,3.08,3.14,3.22,3.28,-1.75,-1.83,-1.91,-1.79,-1.82,-1.87,-1.90,-1.95,-1.98
Sam Rinzel,CHI,D,,84,7.2,16.0,23.3,4.1,127.8,75.7,96.7,52.9,5.7%,17.50,36.00,60.00,0.00,2.05,63.90,22.71,58.02,0.00,0.00,0.00,242.68,2.89,-1.01,,,,,,,,,,1,1,1.09,1.045,,2.89,2.89,3.02,3.15,3.02,3.15,3.02,3.15,-0.97,-0.97,-0.97,-1.01,-1.05,-1.01,-1.05,-1.01,-1.05
Nicolas Roy,COL,C/RW,2,84,13.2,20.7,33.9,4.3,108.2,68.5,36.2,37.0,12.20%,13.75,66.00,77.63,0.00,2.15,54.10,20.55,21.72,0.00,0.00,0.00,242.15,2.88,-1.89,,,,,,,,,,1.01,1.005,1.14,1.07,,2.90,2.91,3.08,3.29,3.10,3.30,3.12,3.32,-1.76,-1.77,-1.78,-1.88,-2.01,-1.89,-2.02,-1.90,-2.03
Mason Lohrei,BOS,D,2,84,7.3,22.6,29.9,6.8,87.3,32.6,104.4,21.7,8.4%,17.00,36.50,84.75,0.00,3.40,43.65,9.78,62.64,0.00,0.00,0.00,240.72,2.87,-0.95,,,,,,,,,,1,1,0.93,0.965,,2.87,2.87,2.77,2.67,2.77,2.67,2.77,2.67,-0.99,-0.99,-0.99,-0.95,-0.92,-0.95,-0.92,-0.95,-0.92
Jonathan Lekkerimaki,VAN,RW,2,84,19.1,10.7,29.8,6.0,139.0,52.5,26.3,8.8,13.80%,14.00,95.50,40.13,0.00,3.00,69.50,15.75,15.78,0.00,0.00,0.00,239.66,2.85,-1.76,,,,,,,,,,0.95,0.975,1.02,1.01,,2.78,2.71,2.88,2.91,2.81,2.84,2.74,2.76,-1.79,-1.75,-1.70,-1.81,-1.83,-1.76,-1.78,-1.72,-1.73
Sam Dickinson,SJS,D,,84,5.3,20.5,25.8,1.1,105.5,91.4,92.2,24.5,5.0%,18.75,26.50,76.88,0.00,0.55,52.75,27.42,55.32,0.00,0.00,0.00,239.42,2.85,-1.05,,,,,,,,,,1,1,1.09,1.045,,2.85,2.85,2.98,3.11,2.98,3.11,2.98,3.11,-1.01,-1.01,-1.01,-1.05,-1.10,-1.05,-1.10,-1.05,-1.10
Dalibor Dvorsky,STL,C,2,84,15.8,14.7,30.5,9.5,115.5,88.2,26.6,23.1,13.70%,14.50,79.00,55.13,0.00,4.75,57.75,26.46,15.96,0.00,0.00,0.00,239.05,2.85,-1.59,,,,,,,,,,0.96,0.98,0.81,0.905,,2.79,2.73,2.58,2.31,2.52,2.26,2.47,2.21,-1.80,-1.76,-1.73,-1.63,-1.46,-1.59,-1.43,-1.56,-1.40
Teuvo Teravainen,CHI,LW/RW,2,84,12.9,23.6,36.5,14.7,93.3,22.5,39.9,8.6,13.8%,16.75,64.50,88.50,0.00,7.35,46.65,6.75,23.94,0.00,0.00,0.00,237.69,2.83,-1.97,,,,,,,,,,1.08,1.04,1.09,1.045,,2.94,3.06,2.96,3.08,3.08,3.21,3.19,3.33,-1.81,-1.89,-1.96,-1.90,-1.98,-1.97,-2.06,-2.05,-2.13
Maxim Shabanov,MIN,RW,2,84,11.7,22.0,33.7,8.4,111.7,51.5,34.3,2.6,10.50%,13.50,58.50,82.50,0.00,4.20,55.85,15.45,20.58,0.00,0.00,0.00,237.08,2.82,-1.69,,,,,,,,,,0.95,0.975,0.9,0.95,,2.75,2.68,2.68,2.54,2.61,2.48,2.55,2.41,-1.82,-1.78,-1.73,-1.73,-1.64,-1.69,-1.60,-1.64,-1.56
Artyom Levshunov,CHI,D,2,84,4.2,20.6,24.8,6.7,96.8,106.1,91.6,51.8,4.3%,18.50,21.00,77.25,0.00,3.35,48.40,31.83,54.96,0.00,0.00,0.00,236.79,2.82,-1.08,,,,,,,,,,1,1,1.09,1.045,,2.82,2.82,2.95,3.07,2.95,3.07,2.95,3.07,-1.04,-1.04,-1.04,-1.08,-1.13,-1.08,-1.13,-1.08,-1.13
Danila Yurov,MIN,C/RW,,84,13.3,18.4,31.7,3.4,94.8,69.6,49.1,30.3,14.00%,13.50,66.50,69.00,0.00,1.70,47.40,20.88,29.46,0.00,0.00,0.00,234.94,2.80,-1.76,,,,,,,,,,1.01,1.005,0.9,0.95,,2.81,2.82,2.66,2.52,2.67,2.53,2.68,2.54,-1.85,-1.86,-1.86,-1.75,-1.66,-1.76,-1.67,-1.77,-1.68
Nate Schmidt,UTA,D,,84,5.4,21.6,27.0,1.5,84.0,81.0,98.9,25.2,6.4%,19.50,27.00,81.00,0.00,0.75,42.00,24.30,59.34,0.00,0.00,0.00,234.39,2.79,-1.13,,,,,,,,,,1,1,1.12,1.06,,2.79,2.79,2.96,3.13,2.96,3.13,2.96,3.13,-1.06,-1.06,-1.06,-1.13,-1.19,-1.13,-1.19,-1.13,-1.19
Isaac Howard,EDM,LW,2,84,18.0,13.6,31.6,5.0,135.5,24.7,24.7,32.9,13.30%,12.50,90.00,51.00,0.00,2.50,67.75,7.41,14.82,0.00,0.00,0.00,233.48,2.78,-2.01,,,,,,,,,,1.06,1.03,1.09,1.045,,2.86,2.95,2.90,3.03,2.99,3.12,3.08,3.21,-1.86,-1.92,-1.98,-1.95,-2.03,-2.01,-2.09,-2.06,-2.15
Noah Ostlund,BUF,C,2,84,14.8,22.7,37.6,5.0,95.6,7.3,36.4,20.0,15.5%,14.25,74.00,85.13,0.00,2.50,47.80,2.19,21.84,0.00,0.00,0.00,233.46,2.78,-1.78,,,,,,,,,,0.96,0.98,0.95,0.975,,2.72,2.67,2.71,2.64,2.66,2.59,2.60,2.53,-1.86,-1.83,-1.79,-1.82,-1.77,-1.78,-1.74,-1.74,-1.70
Barrett Hayton,UTA,C,2,84,13.5,16.4,29.9,4.4,136.4,37.8,36.8,57.4,9.90%,14.00,67.50,61.50,0.00,2.20,68.20,11.34,22.08,0.00,0.00,0.00,232.82,2.77,-1.94,,,,,,,,,,0.96,0.98,1.12,1.06,,2.72,2.66,2.94,3.10,2.88,3.04,2.82,2.98,-1.87,-1.83,-1.80,-1.98,-2.10,-1.94,-2.05,-1.90,-2.01
Nino Niederreiter,WPG,LW/RW,2,84,11.9,16.3,28.1,6.1,116.4,102.6,31.1,23.2,10.2%,13.25,59.50,61.13,0.00,3.05,58.20,30.78,18.66,0.00,0.00,0.00,231.32,2.75,-2.00,,,,,,,,,,1.08,1.04,1.04,1.02,,2.86,2.97,2.81,2.86,2.92,2.98,3.03,3.09,-1.89,-1.97,-2.04,-1.93,-1.97,-2.00,-2.04,-2.08,-2.12
Connor Zary,CGY,C/LW/RW,,84,14.9,17.5,32.4,8.1,120.1,45.5,21.9,22.4,12.40%,14.25,74.50,65.63,0.00,4.05,60.05,13.65,13.14,0.00,0.00,0.00,231.02,2.75,-1.97,,,,,,,,,,1.13,1.065,0.95,0.975,,2.93,3.11,2.68,2.61,2.86,2.78,3.03,2.95,-1.89,-2.02,-2.14,-1.85,-1.80,-1.97,-1.92,-2.09,-2.03
J.T. Compher,DET,C,,84,12.5,18.4,30.9,3.0,100.9,27.1,62.5,28.0,12.4%,16.25,62.50,69.00,0.00,1.50,50.45,8.13,37.50,0.00,0.00,0.00,229.08,2.73,-1.94,,,,,,,,,,0.96,0.98,1.07,1.035,,2.67,2.62,2.82,2.92,2.77,2.86,2.71,2.80,-1.92,-1.88,-1.84,-1.98,-2.05,-1.94,-2.01,-1.90,-1.97
John Marino,UTA,D,,84,3.7,31.0,34.6,0.0,63.9,31.0,82.0,14.2,5.70%,20.25,18.50,116.25,0.00,0.00,31.95,9.30,49.20,0.00,0.00,0.00,225.20,2.68,-1.24,,,,,,,,,,1,1,1.12,1.06,,2.68,2.68,2.84,3.00,2.84,3.00,2.84,3.00,-1.17,-1.17,-1.17,-1.24,-1.32,-1.24,-1.32,-1.24,-1.32
Berkly Catton,SEA,C/LW,2,84,13.4,17.4,30.8,5.7,119.2,13.4,40.2,37.8,11.3%,14.25,67.00,65.25,0.00,2.85,59.60,4.02,24.12,0.00,0.00,0.00,222.84,2.65,-2.08,,,,,,,,,,1.09,1.045,1,1,,2.77,2.89,2.65,2.65,2.77,2.77,2.89,2.89,-1.99,-2.08,-2.17,-1.99,-1.99,-2.08,-2.08,-2.17,-2.17
Chris Tanev,TOR,D,,84,2.6,16.5,19.1,0.0,49.4,23.8,189.7,23.8,5.30%,19.50,13.00,61.88,0.00,0.00,24.70,7.14,113.82,0.00,0.00,0.00,220.54,2.63,-1.21,,,,,,,,,,1,1,0.97,0.985,,2.63,2.63,2.59,2.55,2.59,2.55,2.59,2.55,-1.23,-1.23,-1.23,-1.21,-1.19,-1.21,-1.19,-1.21,-1.19
Cam Fowler,STL,D,,84,4.2,25.8,30.0,5.5,93.3,9.3,82.6,13.7,4.5%,20.50,21.00,96.75,0.00,2.75,46.65,2.79,49.56,0.00,0.00,0.00,219.50,2.61,-1.12,,,,,,,,,,1,1,0.81,0.905,,2.61,2.61,2.36,2.12,2.36,2.12,2.36,2.12,-1.24,-1.24,-1.24,-1.12,-1.01,-1.12,-1.01,-1.12,-1.01
Ryan Strome,CGY,C,2,84,13.3,17.2,30.5,4.5,117.3,33.7,28.9,54.3,11.40%,15.00,66.50,64.50,0.00,2.25,58.65,10.11,17.34,0.00,0.00,0.00,219.35,2.61,-1.94,,,,,,,,,,0.96,0.98,0.95,0.975,,2.56,2.51,2.55,2.48,2.50,2.43,2.44,2.38,-2.03,-1.99,-1.95,-1.98,-1.93,-1.94,-1.89,-1.90,-1.85
Ryan Ufko,NSH,D,2,84,6.9,24.4,31.3,9.8,75.1,44.6,58.0,26.8,9.2%,14.25,34.50,91.50,0.00,4.90,37.55,13.38,34.80,0.00,0.00,0.00,216.63,2.58,-1.12,,,,,,,,,,1,1,0.76,0.88,,2.58,2.58,2.27,1.96,2.27,1.96,2.27,1.96,-1.28,-1.28,-1.28,-1.12,-0.97,-1.12,-0.97,-1.12,-0.97
Marat Khusnutdinov,BOS,C/LW,,84,12.8,18.0,30.8,1.3,81.6,46.6,44.1,18.2,15.70%,14.50,64.00,67.50,0.00,0.65,40.80,13.98,26.46,0.00,0.00,0.00,213.39,2.54,-2.12,,,,,,,,,,1.09,1.045,0.93,0.965,,2.65,2.77,2.45,2.36,2.56,2.47,2.67,2.58,-2.10,-2.20,-2.29,-2.03,-1.96,-2.12,-2.04,-2.21,-2.13
Lian Bichsel,DAL,D,,84,5.3,9.8,15.0,0.0,54.3,239.4,72.5,69.7,9.7%,16.00,26.50,36.75,0.00,0.00,27.15,71.82,43.50,0.00,0.00,0.00,205.72,2.45,-1.43,,,,,,,,,,1,1,1.04,1.02,,2.45,2.45,2.50,2.55,2.50,2.55,2.50,2.55,-1.41,-1.41,-1.41,-1.43,-1.46,-1.43,-1.46,-1.43,-1.46
Axel Sandin-Pellikka,DET,D,2,84,7.5,18.8,26.4,7.4,90.3,21.1,64.1,22.3,8.30%,15.75,37.50,70.50,0.00,3.70,45.15,6.33,38.46,0.00,0.00,0.00,201.64,2.40,-1.51,,,,,,,,,,1,1,1.07,1.035,,2.40,2.40,2.48,2.57,2.48,2.57,2.48,2.57,-1.45,-1.45,-1.45,-1.51,-1.56,-1.51,-1.56,-1.51,-1.56
,,,,,,,,,,,,,,,,,,,,,,,,,,,,,,,,,,,,,1,1,#N/A,#N/A,,0.00,0.00,#N/A,#N/A,#N/A,#N/A,#N/A,#N/A,-4.64,-4.64,-4.64,#N/A,#N/A,#N/A,#N/A,#N/A,#N/A
,,,,,,,,,,,,,,,,,,,,,,,,,,,,,,,,,,,,,1,1,#N/A,#N/A,,0.00,0.00,#N/A,#N/A,#N/A,#N/A,#N/A,#N/A,-4.64,-4.64,-4.64,#N/A,#N/A,#N/A,#N/A,#N/A,#N/A
,,,,,,,,,,,,,,,,,,,,,,,,,,,,,,,,,,,,,1,1,#N/A,#N/A,,0.00,0.00,#N/A,#N/A,#N/A,#N/A,#N/A,#N/A,-4.64,-4.64,-4.64,#N/A,#N/A,#N/A,#N/A,#N/A,#N/A
,,,,,,,,,,,,,,,,,,,,,,,,,,,,,,,,,,,,,1,1,#N/A,#N/A,,0.00,0.00,#N/A,#N/A,#N/A,#N/A,#N/A,#N/A,-4.64,-4.64,-4.64,#N/A,#N/A,#N/A,#N/A,#N/A,#N/A
,,,,,,,,,,,,,,,,,,,,,,,,,,,,,,,,,,,,,1,1,#N/A,#N/A,,0.00,0.00,#N/A,#N/A,#N/A,#N/A,#N/A,#N/A,-4.64,-4.64,-4.64,#N/A,#N/A,#N/A,#N/A,#N/A,#N/A
,,,,,,,,,,,,,,,,,,,,,,,,,,,,,,,,,,,,,1,1,#N/A,#N/A,,0.00,0.00,#N/A,#N/A,#N/A,#N/A,#N/A,#N/A,-4.64,-4.64,-4.64,#N/A,#N/A,#N/A,#N/A,#N/A,#N/A
,,,,,,,,,,,,,,,,,,,,,,,,,,,,,,,,,,,,,1,1,#N/A,#N/A,,0.00,0.00,#N/A,#N/A,#N/A,#N/A,#N/A,#N/A,-4.64,-4.64,-4.64,#N/A,#N/A,#N/A,#N/A,#N/A,#N/A
,,,,,,,,,,,,,,,,,,,,,,,,,,,,,,,,,,,,,1,1,#N/A,#N/A,,0.00,0.00,#N/A,#N/A,#N/A,#N/A,#N/A,#N/A,-4.64,-4.64,-4.64,#N/A,#N/A,#N/A,#N/A,#N/A,#N/A
,,,,,,,,,,,,,,,,,,,,,,,,,,,,,,,,,,,,,1,1,#N/A,#N/A,,0.00,0.00,#N/A,#N/A,#N/A,#N/A,#N/A,#N/A,-4.64,-4.64,-4.64,#N/A,#N/A,#N/A,#N/A,#N/A,#N/A
,,,,,,,,,,,,,,,,,,,,,,,,,,,,,,,,,,,,,1,1,#N/A,#N/A,,0.00,0.00,#N/A,#N/A,#N/A,#N/A,#N/A,#N/A,-4.64,-4.64,-4.64,#N/A,#N/A,#N/A,#N/A,#N/A,#N/A
,,,,,,,,,,,,,,,,,,,,,,,,,,,,,,,,,,,,,1,1,#N/A,#N/A,,0.00,0.00,#N/A,#N/A,#N/A,#N/A,#N/A,#N/A,-4.64,-4.64,-4.64,#N/A,#N/A,#N/A,#N/A,#N/A,#N/A
,,,,,,,,,,,,,,,,,,,,,,,,,,,,,,,,,,,,,1,1,#N/A,#N/A,,0.00,0.00,#N/A,#N/A,#N/A,#N/A,#N/A,#N/A,-4.64,-4.64,-4.64,#N/A,#N/A,#N/A,#N/A,#N/A,#N/A
,,,,,,,,,,,,,,,,,,,,,,,,,,,,,,,,,,,,,1,1,#N/A,#N/A,,0.00,0.00,#N/A,#N/A,#N/A,#N/A,#N/A,#N/A,-4.64,-4.64,-4.64,#N/A,#N/A,#N/A,#N/A,#N/A,#N/A
,,,,,,,,,,,,,,,,,,,,,,,,,,,,,,,,,,,,,1,1,#N/A,#N/A,,0.00,0.00,#N/A,#N/A,#N/A,#N/A,#N/A,#N/A,-4.64,-4.64,-4.64,#N/A,#N/A,#N/A,#N/A,#N/A,#N/A
,,,,,,,,,,,,,,,,,,,,,,,,,,,,,,,,,,,,,1,1,#N/A,#N/A,,0.00,0.00,#N/A,#N/A,#N/A,#N/A,#N/A,#N/A,-4.64,-4.64,-4.64,#N/A,#N/A,#N/A,#N/A,#N/A,#N/A
,,,,,,,,,,,,,,,,,,,,,,,,,,,,,,,,,,,,,1,1,#N/A,#N/A,,0.00,0.00,#N/A,#N/A,#N/A,#N/A,#N/A,#N/A,-4.64,-4.64,-4.64,#N/A,#N/A,#N/A,#N/A,#N/A,#N/A
,,,,,,,,,,,,,,,,,,,,,,,,,,,,,,,,,,,,,1,1,#N/A,#N/A,,0.00,0.00,#N/A,#N/A,#N/A,#N/A,#N/A,#N/A,-4.64,-4.64,-4.64,#N/A,#N/A,#N/A,#N/A,#N/A,#N/A
,,,,,,,,,,,,,,,,,,,,,,,,,,,,,,,,,,,,,1,1,#N/A,#N/A,,0.00,0.00,#N/A,#N/A,#N/A,#N/A,#N/A,#N/A,-4.64,-4.64,-4.64,#N/A,#N/A,#N/A,#N/A,#N/A,#N/A
,,,,,,,,,,,,,,,,,,,,,,,,,,,,,,,,,,,,,1,1,#N/A,#N/A,,0.00,0.00,#N/A,#N/A,#N/A,#N/A,#N/A,#N/A,-4.64,-4.64,-4.64,#N/A,#N/A,#N/A,#N/A,#N/A,#N/A
,,,,,,,,,,,,,,,,,,,,,,,,,,,,,,,,,,,,,1,1,#N/A,#N/A,,0.00,0.00,#N/A,#N/A,#N/A,#N/A,#N/A,#N/A,-4.64,-4.64,-4.64,#N/A,#N/A,#N/A,#N/A,#N/A,#N/A
,,,,,,,,,,,,,,,,,,,,,,,,,,,,,,,,,,,,,1,1,#N/A,#N/A,,0.00,0.00,#N/A,#N/A,#N/A,#N/A,#N/A,#N/A,-4.64,-4.64,-4.64,#N/A,#N/A,#N/A,#N/A,#N/A,#N/A
,,,,,,,,,,,,,,,,,,,,,,,,,,,,,,,,,,,,,1,1,#N/A,#N/A,,0.00,0.00,#N/A,#N/A,#N/A,#N/A,#N/A,#N/A,-4.64,-4.64,-4.64,#N/A,#N/A,#N/A,#N/A,#N/A,#N/A
,,,,,,,,,,,,,,,,,,,,,,,,,,,,,,,,,,,,,1,1,#N/A,#N/A,,0.00,0.00,#N/A,#N/A,#N/A,#N/A,#N/A,#N/A,-4.64,-4.64,-4.64,#N/A,#N/A,#N/A,#N/A,#N/A,#N/A
,,,,,,,,,,,,,,,,,,,,,,,,,,,,,,,,,,,,,1,1,#N/A,#N/A,,0.00,0.00,#N/A,#N/A,#N/A,#N/A,#N/A,#N/A,-4.64,-4.64,-4.64,#N/A,#N/A,#N/A,#N/A,#N/A,#N/A
,,,,,,,,,,,,,,,,,,,,,,,,,,,,,,,,,,,,,1,1,#N/A,#N/A,,0.00,0.00,#N/A,#N/A,#N/A,#N/A,#N/A,#N/A,-4.64,-4.64,-4.64,#N/A,#N/A,#N/A,#N/A,#N/A,#N/A
,,,,,,,,,,,,,,,,,,,,,,,,,,,,,,,,,,,,,1,1,#N/A,#N/A,,0.00,0.00,#N/A,#N/A,#N/A,#N/A,#N/A,#N/A,-4.64,-4.64,-4.64,#N/A,#N/A,#N/A,#N/A,#N/A,#N/A
,,,,,,,,,,,,,,,,,,,,,,,,,,,,,,,,,,,,,1,1,#N/A,#N/A,,0.00,0.00,#N/A,#N/A,#N/A,#N/A,#N/A,#N/A,-4.64,-4.64,-4.64,#N/A,#N/A,#N/A,#N/A,#N/A,#N/A
,,,,,,,,,,,,,,,,,,,,,,,,,,,,,,,,,,,,,1,1,#N/A,#N/A,,0.00,0.00,#N/A,#N/A,#N/A,#N/A,#N/A,#N/A,-4.64,-4.64,-4.64,#N/A,#N/A,#N/A,#N/A,#N/A,#N/A
,,,,,,,,,,,,,,,,,,,,,,,,,,,,,,,,,,,,,1,1,#N/A,#N/A,,0.00,0.00,#N/A,#N/A,#N/A,#N/A,#N/A,#N/A,-4.64,-4.64,-4.64,#N/A,#N/A,#N/A,#N/A,#N/A,#N/A
,,,,,,,,,,,,,,,,,,,,,,,,,,,,,,,,,,,,,1,1,#N/A,#N/A,,0.00,0.00,#N/A,#N/A,#N/A,#N/A,#N/A,#N/A,-4.64,-4.64,-4.64,#N/A,#N/A,#N/A,#N/A,#N/A,#N/A
,,,,,,,,,,,,,,,,,,,,,,,,,,,,,,,,,,,,,1,1,#N/A,#N/A,,0.00,0.00,#N/A,#N/A,#N/A,#N/A,#N/A,#N/A,-4.64,-4.64,-4.64,#N/A,#N/A,#N/A,#N/A,#N/A,#N/A
,,,,,,,,,,,,,,,,,,,,,,,,,,,,,,,,,,,,,1,1,#N/A,#N/A,,0.00,0.00,#N/A,#N/A,#N/A,#N/A,#N/A,#N/A,-4.64,-4.64,-4.64,#N/A,#N/A,#N/A,#N/A,#N/A,#N/A
,,,,,,,,,,,,,,,,,,,,,,,,,,,,,,,,,,,,,1,1,#N/A,#N/A,,0.00,0.00,#N/A,#N/A,#N/A,#N/A,#N/A,#N/A,-4.64,-4.64,-4.64,#N/A,#N/A,#N/A,#N/A,#N/A,#N/A
,,,,,,,,,,,,,,,,,,,,,,,,,,,,,,,,,,,,,1,1,#N/A,#N/A,,0.00,0.00,#N/A,#N/A,#N/A,#N/A,#N/A,#N/A,-4.64,-4.64,-4.64,#N/A,#N/A,#N/A,#N/A,#N/A,#N/A
,,,,,,,,,,,,,,,,,,,,,,,,,,,,,,,,,,,,,1,1,#N/A,#N/A,,0.00,0.00,#N/A,#N/A,#N/A,#N/A,#N/A,#N/A,-4.64,-4.64,-4.64,#N/A,#N/A,#N/A,#N/A,#N/A,#N/A
,,,,,,,,,,,,,,,,,,,,,,,,,,,,,,,,,,,,,1,1,#N/A,#N/A,,0.00,0.00,#N/A,#N/A,#N/A,#N/A,#N/A,#N/A,-4.64,-4.64,-4.64,#N/A,#N/A,#N/A,#N/A,#N/A,#N/A
,,,,,,,,,,,,,,,,,,,,,,,,,,,,,,,,,,,,,1,1,#N/A,#N/A,,0.00,0.00,#N/A,#N/A,#N/A,#N/A,#N/A,#N/A,-4.64,-4.64,-4.64,#N/A,#N/A,#N/A,#N/A,#N/A,#N/A
,,,,,,,,,,,,,,,,,,,,,,,,,,,,,,,,,,,,,1,1,#N/A,#N/A,,0.00,0.00,#N/A,#N/A,#N/A,#N/A,#N/A,#N/A,-4.64,-4.64,-4.64,#N/A,#N/A,#N/A,#N/A,#N/A,#N/A
,,,,,,,,,,,,,,,,,,,,,,,,,,,,,,,,,,,,,1,1,#N/A,#N/A,,0.00,0.00,#N/A,#N/A,#N/A,#N/A,#N/A,#N/A,-4.64,-4.64,-4.64,#N/A,#N/A,#N/A,#N/A,#N/A,#N/A
,,,,,,,,,,,,,,,,,,,,,,,,,,,,,,,,,,,,,1,1,#N/A,#N/A,,0.00,0.00,#N/A,#N/A,#N/A,#N/A,#N/A,#N/A,-4.64,-4.64,-4.64,#N/A,#N/A,#N/A,#N/A,#N/A,#N/A
,,,,,,,,,,,,,,,,,,,,,,,,,,,,,,,,,,,,,1,1,#N/A,#N/A,,0.00,0.00,#N/A,#N/A,#N/A,#N/A,#N/A,#N/A,-4.64,-4.64,-4.64,#N/A,#N/A,#N/A,#N/A,#N/A,#N/A
,,,,,,,,,,,,,,,,,,,,,,,,,,,,,,,,,,,,,1,1,#N/A,#N/A,,0.00,0.00,#N/A,#N/A,#N/A,#N/A,#N/A,#N/A,-4.64,-4.64,-4.64,#N/A,#N/A,#N/A,#N/A,#N/A,#N/A
,,,,,,,,,,,,,,,,,,,,,,,,,,,,,,,,,,,,,1,1,#N/A,#N/A,,0.00,0.00,#N/A,#N/A,#N/A,#N/A,#N/A,#N/A,-4.64,-4.64,-4.64,#N/A,#N/A,#N/A,#N/A,#N/A,#N/A
,,,,,,,,,,,,,,,,,,,,,,,,,,,,,,,,,,,,,1,1,#N/A,#N/A,,0.00,0.00,#N/A,#N/A,#N/A,#N/A,#N/A,#N/A,-4.64,-4.64,-4.64,#N/A,#N/A,#N/A,#N/A,#N/A,#N/A
,,,,,,,,,,,,,,,,,,,,,,,,,,,,,,,,,,,,,1,1,#N/A,#N/A,,0.00,0.00,#N/A,#N/A,#N/A,#N/A,#N/A,#N/A,-4.64,-4.64,-4.64,#N/A,#N/A,#N/A,#N/A,#N/A,#N/A
,,,,,,,,,,,,,,,,,,,,,,,,,,,,,,,,,,,,,1,1,#N/A,#N/A,,0.00,0.00,#N/A,#N/A,#N/A,#N/A,#N/A,#N/A,-4.64,-4.64,-4.64,#N/A,#N/A,#N/A,#N/A,#N/A,#N/A
,,,,,,,,,,,,,,,,,,,,,,,,,,,,,,,,,,,,,1,1,#N/A,#N/A,,0.00,0.00,#N/A,#N/A,#N/A,#N/A,#N/A,#N/A,-4.64,-4.64,-4.64,#N/A,#N/A,#N/A,#N/A,#N/A,#N/A
,,,,,,,,,,,,,,,,,,,,,,,,,,,,,,,,,,,,,1,1,#N/A,#N/A,,0.00,0.00,#N/A,#N/A,#N/A,#N/A,#N/A,#N/A,-4.64,-4.64,-4.64,#N/A,#N/A,#N/A,#N/A,#N/A,#N/A
,,,,,,,,,,,,,,,,,,,,,,,,,,,,,,,,,,,,,1,1,#N/A,#N/A,,0.00,0.00,#N/A,#N/A,#N/A,#N/A,#N/A,#N/A,-4.64,-4.64,-4.64,#N/A,#N/A,#N/A,#N/A,#N/A,#N/A
,,,,,,,,,,,,,,,,,,,,,,,,,,,,,,,,,,,,,1,1,#N/A,#N/A,,0.00,0.00,#N/A,#N/A,#N/A,#N/A,#N/A,#N/A,-4.64,-4.64,-4.64,#N/A,#N/A,#N/A,#N/A,#N/A,#N/A
,,,,,,,,,,,,,,,,,,,,,,,,,,,,,,,,,,,,,1,1,#N/A,#N/A,,0.00,0.00,#N/A,#N/A,#N/A,#N/A,#N/A,#N/A,-4.64,-4.64,-4.64,#N/A,#N/A,#N/A,#N/A,#N/A,#N/A
,,,,,,,,,,,,,,,,,,,,,,,,,,,,,,,,,,,,,1,1,#N/A,#N/A,,0.00,0.00,#N/A,#N/A,#N/A,#N/A,#N/A,#N/A,-4.64,-4.64,-4.64,#N/A,#N/A,#N/A,#N/A,#N/A,#N/A
,,,,,,,,,,,,,,,,,,,,,,,,,,,,,,,,,,,,,1,1,#N/A,#N/A,,0.00,0.00,#N/A,#N/A,#N/A,#N/A,#N/A,#N/A,-4.64,-4.64,-4.64,#N/A,#N/A,#N/A,#N/A,#N/A,#N/A
,,,,,,,,,,,,,,,,,,,,,,,,,,,,,,,,,,,,,1,1,#N/A,#N/A,,0.00,0.00,#N/A,#N/A,#N/A,#N/A,#N/A,#N/A,-4.64,-4.64,-4.64,#N/A,#N/A,#N/A,#N/A,#N/A,#N/A
,,,,,,,,,,,,,,,,,,,,,,,,,,,,,,,,,,,,,1,1,#N/A,#N/A,,0.00,0.00,#N/A,#N/A,#N/A,#N/A,#N/A,#N/A,-4.64,-4.64,-4.64,#N/A,#N/A,#N/A,#N/A,#N/A,#N/A
,,,,,,,,,,,,,,,,,,,,,,,,,,,,,,,,,,,,,1,1,#N/A,#N/A,,0.00,0.00,#N/A,#N/A,#N/A,#N/A,#N/A,#N/A,-4.64,-4.64,-4.64,#N/A,#N/A,#N/A,#N/A,#N/A,#N/A
,,,,,,,,,,,,,,,,,,,,,,,,,,,,,,,,,,,,,1,1,#N/A,#N/A,,0.00,0.00,#N/A,#N/A,#N/A,#N/A,#N/A,#N/A,-4.64,-4.64,-4.64,#N/A,#N/A,#N/A,#N/A,#N/A,#N/A
,,,,,,,,,,,,,,,,,,,,,,,,,,,,,,,,,,,,,1,1,#N/A,#N/A,,0.00,0.00,#N/A,#N/A,#N/A,#N/A,#N/A,#N/A,-4.64,-4.64,-4.64,#N/A,#N/A,#N/A,#N/A,#N/A,#N/A
,,,,,,,,,,,,,,,,,,,,,,,,,,,,,,,,,,,,,1,1,#N/A,#N/A,,0.00,0.00,#N/A,#N/A,#N/A,#N/A,#N/A,#N/A,-4.64,-4.64,-4.64,#N/A,#N/A,#N/A,#N/A,#N/A,#N/A
,,,,,,,,,,,,,,,,,,,,,,,,,,,,,,,,,,,,,1,1,#N/A,#N/A,,0.00,0.00,#N/A,#N/A,#N/A,#N/A,#N/A,#N/A,-4.64,-4.64,-4.64,#N/A,#N/A,#N/A,#N/A,#N/A,#N/A
,,,,,,,,,,,,,,,,,,,,,,,,,,,,,,,,,,,,,1,1,#N/A,#N/A,,0.00,0.00,#N/A,#N/A,#N/A,#N/A,#N/A,#N/A,-4.64,-4.64,-4.64,#N/A,#N/A,#N/A,#N/A,#N/A,#N/A
,,,,,,,,,,,,,,,,,,,,,,,,,,,,,,,,,,,,,1,1,#N/A,#N/A,,0.00,0.00,#N/A,#N/A,#N/A,#N/A,#N/A,#N/A,-4.64,-4.64,-4.64,#N/A,#N/A,#N/A,#N/A,#N/A,#N/A
,,,,,,,,,,,,,,,,,,,,,,,,,,,,,,,,,,,,,1,1,#N/A,#N/A,,0.00,0.00,#N/A,#N/A,#N/A,#N/A,#N/A,#N/A,-4.64,-4.64,-4.64,#N/A,#N/A,#N/A,#N/A,#N/A,#N/A
,,,,,,,,,,,,,,,,,,,,,,,,,,,,,,,,,,,,,1,1,#N/A,#N/A,,0.00,0.00,#N/A,#N/A,#N/A,#N/A,#N/A,#N/A,-4.64,-4.64,-4.64,#N/A,#N/A,#N/A,#N/A,#N/A,#N/A
,,,,,,,,,,,,,,,,,,,,,,,,,,,,,,,,,,,,,1,1,#N/A,#N/A,,0.00,0.00,#N/A,#N/A,#N/A,#N/A,#N/A,#N/A,-4.64,-4.64,-4.64,#N/A,#N/A,#N/A,#N/A,#N/A,#N/A
,,,,,,,,,,,,,,,,,,,,,,,,,,,,,,,,,,,,,1,1,#N/A,#N/A,,0.00,0.00,#N/A,#N/A,#N/A,#N/A,#N/A,#N/A,-4.64,-4.64,-4.64,#N/A,#N/A,#N/A,#N/A,#N/A,#N/A
,,,,,,,,,,,,,,,,,,,,,,,,,,,,,,,,,,,,,1,1,#N/A,#N/A,,0.00,0.00,#N/A,#N/A,#N/A,#N/A,#N/A,#N/A,-4.64,-4.64,-4.64,#N/A,#N/A,#N/A,#N/A,#N/A,#N/A
,,,,,,,,,,,,,,,,,,,,,,,,,,,,,,,,,,,,,1,1,#N/A,#N/A,,0.00,0.00,#N/A,#N/A,#N/A,#N/A,#N/A,#N/A,-4.64,-4.64,-4.64,#N/A,#N/A,#N/A,#N/A,#N/A,#N/A
,,,,,,,,,,,,,,,,,,,,,,,,,,,,,,,,,,,,,1,1,#N/A,#N/A,,0.00,0.00,#N/A,#N/A,#N/A,#N/A,#N/A,#N/A,-4.64,-4.64,-4.64,#N/A,#N/A,#N/A,#N/A,#N/A,#N/A
,,,,,,,,,,,,,,,,,,,,,,,,,,,,,,,,,,,,,1,1,#N/A,#N/A,,0.00,0.00,#N/A,#N/A,#N/A,#N/A,#N/A,#N/A,-4.64,-4.64,-4.64,#N/A,#N/A,#N/A,#N/A,#N/A,#N/A
,,,,,,,,,,,,,,,,,,,,,,,,,,,,,,,,,,,,,1,1,#N/A,#N/A,,0.00,0.00,#N/A,#N/A,#N/A,#N/A,#N/A,#N/A,-4.64,-4.64,-4.64,#N/A,#N/A,#N/A,#N/A,#N/A,#N/A
,,,,,,,,,,,,,,,,,,,,,,,,,,,,,,,,,,,,,1,1,#N/A,#N/A,,0.00,0.00,#N/A,#N/A,#N/A,#N/A,#N/A,#N/A,-4.64,-4.64,-4.64,#N/A,#N/A,#N/A,#N/A,#N/A,#N/A
,,,,,,,,,,,,,,,,,,,,,,,,,,,,,,,,,,,,,1,1,#N/A,#N/A,,0.00,0.00,#N/A,#N/A,#N/A,#N/A,#N/A,#N/A,-4.64,-4.64,-4.64,#N/A,#N/A,#N/A,#N/A,#N/A,#N/A
,,,,,,,,,,,,,,,,,,,,,,,,,,,,,,,,,,,,,1,1,#N/A,#N/A,,0.00,0.00,#N/A,#N/A,#N/A,#N/A,#N/A,#N/A,-4.64,-4.64,-4.64,#N/A,#N/A,#N/A,#N/A,#N/A,#N/A
,,,,,,,,,,,,,,,,,,,,,,,,,,,,,,,,,,,,,1,1,#N/A,#N/A,,0.00,0.00,#N/A,#N/A,#N/A,#N/A,#N/A,#N/A,-4.64,-4.64,-4.64,#N/A,#N/A,#N/A,#N/A,#N/A,#N/A
,,,,,,,,,,,,,,,,,,,,,,,,,,,,,,,,,,,,,1,1,#N/A,#N/A,,0.00,0.00,#N/A,#N/A,#N/A,#N/A,#N/A,#N/A,-4.64,-4.64,-4.64,#N/A,#N/A,#N/A,#N/A,#N/A,#N/A
,,,,,,,,,,,,,,,,,,,,,,,,,,,,,,,,,,,,,1,1,#N/A,#N/A,,0.00,0.00,#N/A,#N/A,#N/A,#N/A,#N/A,#N/A,-4.64,-4.64,-4.64,#N/A,#N/A,#N/A,#N/A,#N/A,#N/A
,,,,,,,,,,,,,,,,,,,,,,,,,,,,,,,,,,,,,1,1,#N/A,#N/A,,0.00,0.00,#N/A,#N/A,#N/A,#N/A,#N/A,#N/A,-4.64,-4.64,-4.64,#N/A,#N/A,#N/A,#N/A,#N/A,#N/A
,,,,,,,,,,,,,,,,,,,,,,,,,,,,,,,,,,,,,1,1,#N/A,#N/A,,0.00,0.00,#N/A,#N/A,#N/A,#N/A,#N/A,#N/A,-4.64,-4.64,-4.64,#N/A,#N/A,#N/A,#N/A,#N/A,#N/A
,,,,,,,,,,,,,,,,,,,,,,,,,,,,,,,,,,,,,1,1,#N/A,#N/A,,0.00,0.00,#N/A,#N/A,#N/A,#N/A,#N/A,#N/A,-4.64,-4.64,-4.64,#N/A,#N/A,#N/A,#N/A,#N/A,#N/A
,,,,,,,,,,,,,,,,,,,,,,,,,,,,,,,,,,,,,1,1,#N/A,#N/A,,0.00,0.00,#N/A,#N/A,#N/A,#N/A,#N/A,#N/A,-4.64,-4.64,-4.64,#N/A,#N/A,#N/A,#N/A,#N/A,#N/A
,,,,,,,,,,,,,,,,,,,,,,,,,,,,,,,,,,,,,#N/A,#N/A,#N/A,#N/A,,#N/A,#N/A,#N/A,#N/A,#N/A,#N/A,#N/A,#N/A,-4.64,#N/A,#N/A,#N/A,#N/A,#N/A,#N/A,#N/A,#N/A
,,,,,,,,,,,,,,,,,,,,,,,,,,,,,,,,,,,,,#N/A,#N/A,#N/A,#N/A,,#N/A,#N/A,#N/A,#N/A,#N/A,#N/A,#N/A,#N/A,-4.64,#N/A,#N/A,#N/A,#N/A,#N/A,#N/A,#N/A,#N/A
,,,,,,,,,,,,,,,,,,,,,,,,,,,,,,,,,,,,,#N/A,#N/A,#N/A,#N/A,,,,,,,,,,-4.64,#N/A,#N/A,#N/A,#N/A,#N/A,#N/A,#N/A,#N/A
,,,,,,,,,,,,,,,,,,,,,,,,,,,,,,,,,,,,,#N/A,#N/A,#N/A,#N/A,,,,,,,,,,-4.64,#N/A,#N/A,#N/A,#N/A,#N/A,#N/A,#N/A,#N/A
,,,,,,,,,,,,,,,,,,,,,,,,,,,,,,,,,,,,,#N/A,#N/A,#N/A,#N/A,,,,,,,,,,-4.64,#N/A,#N/A,#N/A,#N/A,#N/A,#N/A,#N/A,#N/A
,,,,,,,,,,,,,,,,,,,,,,,,,,,,,,,,,,,,,#N/A,#N/A,#N/A,#N/A,,,,,,,,,,-4.64,#N/A,#N/A,#N/A,#N/A,#N/A,#N/A,#N/A,#N/A
,,,,,,,,,,,,,,,,,,,,,,,,,,,,,,,,,,,,,#N/A,#N/A,#N/A,#N/A,,,,,,,,,,-4.64,#N/A,#N/A,#N/A,#N/A,#N/A,#N/A,#N/A,#N/A
,,,,,,,,,,,,,,,,,,,,,,,,,,,,,,,,,,,,,#N/A,#N/A,#N/A,#N/A,,,,,,,,,,-4.64,#N/A,#N/A,#N/A,#N/A,#N/A,#N/A,#N/A,#N/A